user_id,session_id,frame_path,timestamp_ms,emotion_label,intensity_label,prompt_id,prompt_text,split,face_detected
salenatang,20260517_124640,data/personalization/salenatang/frames/20260517_124640/salenatang_happy_1_000_1779036441730.jpg,1779036441730,happy,1,happy_1_000,Show a very slight smile and mild pleasantness.,train,1
salenatang,20260517_124640,data/personalization/salenatang/frames/20260517_124640/salenatang_happy_1_000_1779036441869.jpg,1779036441869,happy,1,happy_1_000,Show a very slight smile and mild pleasantness.,train,1
salenatang,20260517_124640,data/personalization/salenatang/frames/20260517_124640/salenatang_happy_1_000_1779036442073.jpg,1779036442073,happy,1,happy_1_000,Show a very slight smile and mild pleasantness.,train,1
salenatang,20260517_124640,data/personalization/salenatang/frames/20260517_124640/salenatang_happy_1_000_1779036442273.jpg,1779036442273,happy,1,happy_1_000,Show a very slight smile and mild pleasantness.,train,1
salenatang,20260517_124640,data/personalization/salenatang/frames/20260517_124640/salenatang_happy_1_000_1779036442478.jpg,1779036442478,happy,1,happy_1_000,Show a very slight smile and mild pleasantness.,train,1
salenatang,20260517_124640,data/personalization/salenatang/frames/20260517_124640/salenatang_happy_1_000_1779036442672.jpg,1779036442672,happy,1,happy_1_000,Show a very slight smile and mild pleasantness.,train,1
salenatang,20260517_124640,data/personalization/salenatang/frames/20260517_124640/salenatang_happy_1_000_1779036442872.jpg,1779036442872,happy,1,happy_1_000,Show a very slight smile and mild pleasantness.,train,1
salenatang,20260517_124640,data/personalization/salenatang/frames/20260517_124640/salenatang_happy_1_000_1779036443077.jpg,1779036443077,happy,1,happy_1_000,Show a very slight smile and mild pleasantness.,train,1
salenatang,20260517_124640,data/personalization/salenatang/frames/20260517_124640/salenatang_happy_1_000_1779036443269.jpg,1779036443269,happy,1,happy_1_000,Show a very slight smile and mild pleasantness.,train,1
salenatang,20260517_124640,data/personalization/salenatang/frames/20260517_124640/salenatang_happy_1_000_1779036443477.jpg,1779036443477,happy,1,happy_1_000,Show a very slight smile and mild pleasantness.,train,1
salenatang,20260517_124640,data/personalization/salenatang/frames/20260517_124640/salenatang_happy_1_000_1779036443675.jpg,1779036443675,happy,1,happy_1_000,Show a very slight smile and mild pleasantness.,train,1
salenatang,20260517_124640,data/personalization/salenatang/frames/20260517_124640/salenatang_happy_1_000_1779036443871.jpg,1779036443871,happy,1,happy_1_000,Show a very slight smile and mild pleasantness.,val,1
salenatang,20260517_124640,data/personalization/salenatang/frames/20260517_124640/salenatang_happy_1_000_1779036444075.jpg,1779036444075,happy,1,happy_1_000,Show a very slight smile and mild pleasantness.,train,1
salenatang,20260517_124640,data/personalization/salenatang/frames/20260517_124640/salenatang_happy_1_000_1779036444274.jpg,1779036444274,happy,1,happy_1_000,Show a very slight smile and mild pleasantness.,train,1
salenatang,20260517_124640,data/personalization/salenatang/frames/20260517_124640/salenatang_happy_1_000_1779036444479.jpg,1779036444479,happy,1,happy_1_000,Show a very slight smile and mild pleasantness.,train,1
salenatang,20260517_124640,data/personalization/salenatang/frames/20260517_124640/salenatang_happy_1_000_1779036444670.jpg,1779036444670,happy,1,happy_1_000,Show a very slight smile and mild pleasantness.,train,1
salenatang,20260517_124640,data/personalization/salenatang/frames/20260517_124640/salenatang_happy_1_000_1779036444873.jpg,1779036444873,happy,1,happy_1_000,Show a very slight smile and mild pleasantness.,train,1
salenatang,20260517_124640,data/personalization/salenatang/frames/20260517_124640/salenatang_happy_1_000_1779036445075.jpg,1779036445075,happy,1,happy_1_000,Show a very slight smile and mild pleasantness.,val,1
salenatang,20260517_124640,data/personalization/salenatang/frames/20260517_124640/salenatang_happy_1_000_1779036445270.jpg,1779036445270,happy,1,happy_1_000,Show a very slight smile and mild pleasantness.,val,1
salenatang,20260517_124640,data/personalization/salenatang/frames/20260517_124640/salenatang_happy_1_000_1779036445477.jpg,1779036445477,happy,1,happy_1_000,Show a very slight smile and mild pleasantness.,val,1
salenatang,20260517_124640,data/personalization/salenatang/frames/20260517_124640/salenatang_happy_1_000_1779036445673.jpg,1779036445673,happy,1,happy_1_000,Show a very slight smile and mild pleasantness.,train,1
salenatang,20260517_124640,data/personalization/salenatang/frames/20260517_124640/salenatang_happy_1_000_1779036445874.jpg,1779036445874,happy,1,happy_1_000,Show a very slight smile and mild pleasantness.,train,1
salenatang,20260517_124640,data/personalization/salenatang/frames/20260517_124640/salenatang_happy_1_000_1779036446073.jpg,1779036446073,happy,1,happy_1_000,Show a very slight smile and mild pleasantness.,val,1
salenatang,20260517_124640,data/personalization/salenatang/frames/20260517_124640/salenatang_happy_1_000_1779036446275.jpg,1779036446275,happy,1,happy_1_000,Show a very slight smile and mild pleasantness.,train,1
salenatang,20260517_124640,data/personalization/salenatang/frames/20260517_124640/salenatang_happy_1_000_1779036446473.jpg,1779036446473,happy,1,happy_1_000,Show a very slight smile and mild pleasantness.,train,1
salenatang,20260517_124640,data/personalization/salenatang/frames/20260517_124640/salenatang_happy_1_000_1779036446675.jpg,1779036446675,happy,1,happy_1_000,Show a very slight smile and mild pleasantness.,train,1
salenatang,20260517_124640,data/personalization/salenatang/frames/20260517_124640/salenatang_happy_1_000_1779036446874.jpg,1779036446874,happy,1,happy_1_000,Show a very slight smile and mild pleasantness.,train,1
salenatang,20260517_124640,data/personalization/salenatang/frames/20260517_124640/salenatang_happy_1_000_1779036447071.jpg,1779036447071,happy,1,happy_1_000,Show a very slight smile and mild pleasantness.,train,1
salenatang,20260517_124640,data/personalization/salenatang/frames/20260517_124640/salenatang_happy_1_000_1779036447276.jpg,1779036447276,happy,1,happy_1_000,Show a very slight smile and mild pleasantness.,train,1
salenatang,20260517_124640,data/personalization/salenatang/frames/20260517_124640/salenatang_happy_1_000_1779036447464.jpg,1779036447464,happy,1,happy_1_000,Show a very slight smile and mild pleasantness.,val,1
salenatang,20260517_124640,data/personalization/salenatang/frames/20260517_124640/salenatang_happy_1_000_1779036447663.jpg,1779036447663,happy,1,happy_1_000,Show a very slight smile and mild pleasantness.,train,1
salenatang,20260517_124640,data/personalization/salenatang/frames/20260517_124640/salenatang_happy_2_001_1779036450596.jpg,1779036450596,happy,2,happy_2_001,Think of something funny and show a gentle happy expression.,train,1
salenatang,20260517_124640,data/personalization/salenatang/frames/20260517_124640/salenatang_happy_2_001_1779036450766.jpg,1779036450766,happy,2,happy_2_001,Think of something funny and show a gentle happy expression.,train,1
salenatang,20260517_124640,data/personalization/salenatang/frames/20260517_124640/salenatang_happy_2_001_1779036450973.jpg,1779036450973,happy,2,happy_2_001,Think of something funny and show a gentle happy expression.,train,1
salenatang,20260517_124640,data/personalization/salenatang/frames/20260517_124640/salenatang_happy_2_001_1779036451176.jpg,1779036451176,happy,2,happy_2_001,Think of something funny and show a gentle happy expression.,train,1
salenatang,20260517_124640,data/personalization/salenatang/frames/20260517_124640/salenatang_happy_2_001_1779036451375.jpg,1779036451375,happy,2,happy_2_001,Think of something funny and show a gentle happy expression.,train,1
salenatang,20260517_124640,data/personalization/salenatang/frames/20260517_124640/salenatang_happy_2_001_1779036451577.jpg,1779036451577,happy,2,happy_2_001,Think of something funny and show a gentle happy expression.,val,1
salenatang,20260517_124640,data/personalization/salenatang/frames/20260517_124640/salenatang_happy_2_001_1779036451776.jpg,1779036451776,happy,2,happy_2_001,Think of something funny and show a gentle happy expression.,train,1
salenatang,20260517_124640,data/personalization/salenatang/frames/20260517_124640/salenatang_happy_2_001_1779036451973.jpg,1779036451973,happy,2,happy_2_001,Think of something funny and show a gentle happy expression.,val,1
salenatang,20260517_124640,data/personalization/salenatang/frames/20260517_124640/salenatang_happy_2_001_1779036452172.jpg,1779036452172,happy,2,happy_2_001,Think of something funny and show a gentle happy expression.,train,1
salenatang,20260517_124640,data/personalization/salenatang/frames/20260517_124640/salenatang_happy_2_001_1779036452377.jpg,1779036452377,happy,2,happy_2_001,Think of something funny and show a gentle happy expression.,train,1
salenatang,20260517_124640,data/personalization/salenatang/frames/20260517_124640/salenatang_happy_2_001_1779036452574.jpg,1779036452574,happy,2,happy_2_001,Think of something funny and show a gentle happy expression.,val,1
salenatang,20260517_124640,data/personalization/salenatang/frames/20260517_124640/salenatang_happy_2_001_1779036452776.jpg,1779036452776,happy,2,happy_2_001,Think of something funny and show a gentle happy expression.,train,1
salenatang,20260517_124640,data/personalization/salenatang/frames/20260517_124640/salenatang_happy_2_001_1779036452974.jpg,1779036452974,happy,2,happy_2_001,Think of something funny and show a gentle happy expression.,train,1
salenatang,20260517_124640,data/personalization/salenatang/frames/20260517_124640/salenatang_happy_2_001_1779036453178.jpg,1779036453178,happy,2,happy_2_001,Think of something funny and show a gentle happy expression.,train,1
salenatang,20260517_124640,data/personalization/salenatang/frames/20260517_124640/salenatang_happy_2_001_1779036453372.jpg,1779036453372,happy,2,happy_2_001,Think of something funny and show a gentle happy expression.,val,1
salenatang,20260517_124640,data/personalization/salenatang/frames/20260517_124640/salenatang_happy_2_001_1779036453579.jpg,1779036453579,happy,2,happy_2_001,Think of something funny and show a gentle happy expression.,train,1
salenatang,20260517_124640,data/personalization/salenatang/frames/20260517_124640/salenatang_happy_2_001_1779036453774.jpg,1779036453774,happy,2,happy_2_001,Think of something funny and show a gentle happy expression.,train,1
salenatang,20260517_124640,data/personalization/salenatang/frames/20260517_124640/salenatang_happy_2_001_1779036453974.jpg,1779036453974,happy,2,happy_2_001,Think of something funny and show a gentle happy expression.,train,1
salenatang,20260517_124640,data/personalization/salenatang/frames/20260517_124640/salenatang_happy_2_001_1779036454176.jpg,1779036454176,happy,2,happy_2_001,Think of something funny and show a gentle happy expression.,train,1
salenatang,20260517_124640,data/personalization/salenatang/frames/20260517_124640/salenatang_happy_2_001_1779036454374.jpg,1779036454374,happy,2,happy_2_001,Think of something funny and show a gentle happy expression.,train,1
salenatang,20260517_124640,data/personalization/salenatang/frames/20260517_124640/salenatang_happy_2_001_1779036454565.jpg,1779036454565,happy,2,happy_2_001,Think of something funny and show a gentle happy expression.,train,1
salenatang,20260517_124640,data/personalization/salenatang/frames/20260517_124640/salenatang_happy_2_001_1779036454763.jpg,1779036454763,happy,2,happy_2_001,Think of something funny and show a gentle happy expression.,val,1
salenatang,20260517_124640,data/personalization/salenatang/frames/20260517_124640/salenatang_happy_2_001_1779036454964.jpg,1779036454964,happy,2,happy_2_001,Think of something funny and show a gentle happy expression.,train,1
salenatang,20260517_124640,data/personalization/salenatang/frames/20260517_124640/salenatang_happy_2_001_1779036455173.jpg,1779036455173,happy,2,happy_2_001,Think of something funny and show a gentle happy expression.,train,1
salenatang,20260517_124640,data/personalization/salenatang/frames/20260517_124640/salenatang_happy_2_001_1779036455377.jpg,1779036455377,happy,2,happy_2_001,Think of something funny and show a gentle happy expression.,train,1
salenatang,20260517_124640,data/personalization/salenatang/frames/20260517_124640/salenatang_happy_2_001_1779036455566.jpg,1779036455566,happy,2,happy_2_001,Think of something funny and show a gentle happy expression.,val,1
salenatang,20260517_124640,data/personalization/salenatang/frames/20260517_124640/salenatang_happy_2_001_1779036455766.jpg,1779036455766,happy,2,happy_2_001,Think of something funny and show a gentle happy expression.,train,1
salenatang,20260517_124640,data/personalization/salenatang/frames/20260517_124640/salenatang_happy_2_001_1779036455965.jpg,1779036455965,happy,2,happy_2_001,Think of something funny and show a gentle happy expression.,train,1
salenatang,20260517_124640,data/personalization/salenatang/frames/20260517_124640/salenatang_happy_2_001_1779036456172.jpg,1779036456172,happy,2,happy_2_001,Think of something funny and show a gentle happy expression.,train,1
salenatang,20260517_124640,data/personalization/salenatang/frames/20260517_124640/salenatang_happy_2_001_1779036456376.jpg,1779036456376,happy,2,happy_2_001,Think of something funny and show a gentle happy expression.,train,1
salenatang,20260517_124640,data/personalization/salenatang/frames/20260517_124640/salenatang_happy_2_001_1779036456565.jpg,1779036456565,happy,2,happy_2_001,Think of something funny and show a gentle happy expression.,train,1
salenatang,20260517_124640,data/personalization/salenatang/frames/20260517_124640/salenatang_happy_3_002_1779036458709.jpg,1779036458709,happy,3,happy_3_002,Think of something that makes you feel fulfilled or satisfied.,val,1
salenatang,20260517_124640,data/personalization/salenatang/frames/20260517_124640/salenatang_happy_3_002_1779036458876.jpg,1779036458876,happy,3,happy_3_002,Think of something that makes you feel fulfilled or satisfied.,train,1
salenatang,20260517_124640,data/personalization/salenatang/frames/20260517_124640/salenatang_happy_3_002_1779036459072.jpg,1779036459072,happy,3,happy_3_002,Think of something that makes you feel fulfilled or satisfied.,train,1
salenatang,20260517_124640,data/personalization/salenatang/frames/20260517_124640/salenatang_happy_3_002_1779036459272.jpg,1779036459272,happy,3,happy_3_002,Think of something that makes you feel fulfilled or satisfied.,train,1
salenatang,20260517_124640,data/personalization/salenatang/frames/20260517_124640/salenatang_happy_3_002_1779036459478.jpg,1779036459478,happy,3,happy_3_002,Think of something that makes you feel fulfilled or satisfied.,train,1
salenatang,20260517_124640,data/personalization/salenatang/frames/20260517_124640/salenatang_happy_3_002_1779036459673.jpg,1779036459673,happy,3,happy_3_002,Think of something that makes you feel fulfilled or satisfied.,train,1
salenatang,20260517_124640,data/personalization/salenatang/frames/20260517_124640/salenatang_happy_3_002_1779036459879.jpg,1779036459879,happy,3,happy_3_002,Think of something that makes you feel fulfilled or satisfied.,train,1
salenatang,20260517_124640,data/personalization/salenatang/frames/20260517_124640/salenatang_happy_3_002_1779036460077.jpg,1779036460077,happy,3,happy_3_002,Think of something that makes you feel fulfilled or satisfied.,train,1
salenatang,20260517_124640,data/personalization/salenatang/frames/20260517_124640/salenatang_happy_3_002_1779036460277.jpg,1779036460277,happy,3,happy_3_002,Think of something that makes you feel fulfilled or satisfied.,train,1
salenatang,20260517_124640,data/personalization/salenatang/frames/20260517_124640/salenatang_happy_3_002_1779036460478.jpg,1779036460478,happy,3,happy_3_002,Think of something that makes you feel fulfilled or satisfied.,train,1
salenatang,20260517_124640,data/personalization/salenatang/frames/20260517_124640/salenatang_happy_3_002_1779036460674.jpg,1779036460674,happy,3,happy_3_002,Think of something that makes you feel fulfilled or satisfied.,val,1
salenatang,20260517_124640,data/personalization/salenatang/frames/20260517_124640/salenatang_happy_3_002_1779036460876.jpg,1779036460876,happy,3,happy_3_002,Think of something that makes you feel fulfilled or satisfied.,train,1
salenatang,20260517_124640,data/personalization/salenatang/frames/20260517_124640/salenatang_happy_3_002_1779036461079.jpg,1779036461079,happy,3,happy_3_002,Think of something that makes you feel fulfilled or satisfied.,train,1
salenatang,20260517_124640,data/personalization/salenatang/frames/20260517_124640/salenatang_happy_3_002_1779036461277.jpg,1779036461277,happy,3,happy_3_002,Think of something that makes you feel fulfilled or satisfied.,val,1
salenatang,20260517_124640,data/personalization/salenatang/frames/20260517_124640/salenatang_happy_3_002_1779036461476.jpg,1779036461476,happy,3,happy_3_002,Think of something that makes you feel fulfilled or satisfied.,train,1
salenatang,20260517_124640,data/personalization/salenatang/frames/20260517_124640/salenatang_happy_3_002_1779036461676.jpg,1779036461676,happy,3,happy_3_002,Think of something that makes you feel fulfilled or satisfied.,train,1
salenatang,20260517_124640,data/personalization/salenatang/frames/20260517_124640/salenatang_happy_3_002_1779036461873.jpg,1779036461873,happy,3,happy_3_002,Think of something that makes you feel fulfilled or satisfied.,train,1
salenatang,20260517_124640,data/personalization/salenatang/frames/20260517_124640/salenatang_happy_3_002_1779036462076.jpg,1779036462076,happy,3,happy_3_002,Think of something that makes you feel fulfilled or satisfied.,train,1
salenatang,20260517_124640,data/personalization/salenatang/frames/20260517_124640/salenatang_happy_3_002_1779036462270.jpg,1779036462270,happy,3,happy_3_002,Think of something that makes you feel fulfilled or satisfied.,val,1
salenatang,20260517_124640,data/personalization/salenatang/frames/20260517_124640/salenatang_happy_3_002_1779036462465.jpg,1779036462465,happy,3,happy_3_002,Think of something that makes you feel fulfilled or satisfied.,val,1
salenatang,20260517_124640,data/personalization/salenatang/frames/20260517_124640/salenatang_happy_3_002_1779036462664.jpg,1779036462664,happy,3,happy_3_002,Think of something that makes you feel fulfilled or satisfied.,train,1
salenatang,20260517_124640,data/personalization/salenatang/frames/20260517_124640/salenatang_happy_3_002_1779036462878.jpg,1779036462878,happy,3,happy_3_002,Think of something that makes you feel fulfilled or satisfied.,train,1
salenatang,20260517_124640,data/personalization/salenatang/frames/20260517_124640/salenatang_happy_3_002_1779036463073.jpg,1779036463073,happy,3,happy_3_002,Think of something that makes you feel fulfilled or satisfied.,train,1
salenatang,20260517_124640,data/personalization/salenatang/frames/20260517_124640/salenatang_happy_3_002_1779036463273.jpg,1779036463273,happy,3,happy_3_002,Think of something that makes you feel fulfilled or satisfied.,train,1
salenatang,20260517_124640,data/personalization/salenatang/frames/20260517_124640/salenatang_happy_3_002_1779036463478.jpg,1779036463478,happy,3,happy_3_002,Think of something that makes you feel fulfilled or satisfied.,train,1
salenatang,20260517_124640,data/personalization/salenatang/frames/20260517_124640/salenatang_happy_3_002_1779036463675.jpg,1779036463675,happy,3,happy_3_002,Think of something that makes you feel fulfilled or satisfied.,val,1
salenatang,20260517_124640,data/personalization/salenatang/frames/20260517_124640/salenatang_happy_3_002_1779036463878.jpg,1779036463878,happy,3,happy_3_002,Think of something that makes you feel fulfilled or satisfied.,train,1
salenatang,20260517_124640,data/personalization/salenatang/frames/20260517_124640/salenatang_happy_3_002_1779036464074.jpg,1779036464074,happy,3,happy_3_002,Think of something that makes you feel fulfilled or satisfied.,train,1
salenatang,20260517_124640,data/personalization/salenatang/frames/20260517_124640/salenatang_happy_3_002_1779036464275.jpg,1779036464275,happy,3,happy_3_002,Think of something that makes you feel fulfilled or satisfied.,train,1
salenatang,20260517_124640,data/personalization/salenatang/frames/20260517_124640/salenatang_happy_3_002_1779036464477.jpg,1779036464477,happy,3,happy_3_002,Think of something that makes you feel fulfilled or satisfied.,train,1
salenatang,20260517_124640,data/personalization/salenatang/frames/20260517_124640/salenatang_happy_3_002_1779036464675.jpg,1779036464675,happy,3,happy_3_002,Think of something that makes you feel fulfilled or satisfied.,train,1
salenatang,20260517_124640,data/personalization/salenatang/frames/20260517_124640/salenatang_happy_4_003_1779036466101.jpg,1779036466101,happy,4,happy_4_003,Show a strong happy expression with a bigger smile.,train,1
salenatang,20260517_124640,data/personalization/salenatang/frames/20260517_124640/salenatang_happy_4_003_1779036466267.jpg,1779036466267,happy,4,happy_4_003,Show a strong happy expression with a bigger smile.,val,1
salenatang,20260517_124640,data/personalization/salenatang/frames/20260517_124640/salenatang_happy_4_003_1779036466478.jpg,1779036466478,happy,4,happy_4_003,Show a strong happy expression with a bigger smile.,val,1
salenatang,20260517_124640,data/personalization/salenatang/frames/20260517_124640/salenatang_happy_4_003_1779036466671.jpg,1779036466671,happy,4,happy_4_003,Show a strong happy expression with a bigger smile.,train,1
salenatang,20260517_124640,data/personalization/salenatang/frames/20260517_124640/salenatang_happy_4_003_1779036466875.jpg,1779036466875,happy,4,happy_4_003,Show a strong happy expression with a bigger smile.,val,1
salenatang,20260517_124640,data/personalization/salenatang/frames/20260517_124640/salenatang_happy_4_003_1779036467078.jpg,1779036467078,happy,4,happy_4_003,Show a strong happy expression with a bigger smile.,val,1
salenatang,20260517_124640,data/personalization/salenatang/frames/20260517_124640/salenatang_happy_4_003_1779036467275.jpg,1779036467275,happy,4,happy_4_003,Show a strong happy expression with a bigger smile.,train,1
salenatang,20260517_124640,data/personalization/salenatang/frames/20260517_124640/salenatang_happy_4_003_1779036467479.jpg,1779036467479,happy,4,happy_4_003,Show a strong happy expression with a bigger smile.,train,1
salenatang,20260517_124640,data/personalization/salenatang/frames/20260517_124640/salenatang_happy_4_003_1779036467667.jpg,1779036467667,happy,4,happy_4_003,Show a strong happy expression with a bigger smile.,val,1
salenatang,20260517_124640,data/personalization/salenatang/frames/20260517_124640/salenatang_happy_4_003_1779036467868.jpg,1779036467868,happy,4,happy_4_003,Show a strong happy expression with a bigger smile.,train,1
salenatang,20260517_124640,data/personalization/salenatang/frames/20260517_124640/salenatang_happy_4_003_1779036468065.jpg,1779036468065,happy,4,happy_4_003,Show a strong happy expression with a bigger smile.,train,1
salenatang,20260517_124640,data/personalization/salenatang/frames/20260517_124640/salenatang_happy_4_003_1779036468276.jpg,1779036468276,happy,4,happy_4_003,Show a strong happy expression with a bigger smile.,train,1
salenatang,20260517_124640,data/personalization/salenatang/frames/20260517_124640/salenatang_happy_4_003_1779036468479.jpg,1779036468479,happy,4,happy_4_003,Show a strong happy expression with a bigger smile.,train,1
salenatang,20260517_124640,data/personalization/salenatang/frames/20260517_124640/salenatang_happy_4_003_1779036468678.jpg,1779036468678,happy,4,happy_4_003,Show a strong happy expression with a bigger smile.,train,1
salenatang,20260517_124640,data/personalization/salenatang/frames/20260517_124640/salenatang_happy_4_003_1779036468874.jpg,1779036468874,happy,4,happy_4_003,Show a strong happy expression with a bigger smile.,train,1
salenatang,20260517_124640,data/personalization/salenatang/frames/20260517_124640/salenatang_happy_4_003_1779036469075.jpg,1779036469075,happy,4,happy_4_003,Show a strong happy expression with a bigger smile.,train,1
salenatang,20260517_124640,data/personalization/salenatang/frames/20260517_124640/salenatang_happy_4_003_1779036469273.jpg,1779036469273,happy,4,happy_4_003,Show a strong happy expression with a bigger smile.,train,1
salenatang,20260517_124640,data/personalization/salenatang/frames/20260517_124640/salenatang_happy_4_003_1779036469484.jpg,1779036469484,happy,4,happy_4_003,Show a strong happy expression with a bigger smile.,train,1
salenatang,20260517_124640,data/personalization/salenatang/frames/20260517_124640/salenatang_happy_4_003_1779036469675.jpg,1779036469675,happy,4,happy_4_003,Show a strong happy expression with a bigger smile.,train,1
salenatang,20260517_124640,data/personalization/salenatang/frames/20260517_124640/salenatang_happy_4_003_1779036469865.jpg,1779036469865,happy,4,happy_4_003,Show a strong happy expression with a bigger smile.,train,1
salenatang,20260517_124640,data/personalization/salenatang/frames/20260517_124640/salenatang_happy_4_003_1779036470067.jpg,1779036470067,happy,4,happy_4_003,Show a strong happy expression with a bigger smile.,train,1
salenatang,20260517_124640,data/personalization/salenatang/frames/20260517_124640/salenatang_happy_4_003_1779036470266.jpg,1779036470266,happy,4,happy_4_003,Show a strong happy expression with a bigger smile.,train,1
salenatang,20260517_124640,data/personalization/salenatang/frames/20260517_124640/salenatang_happy_4_003_1779036470479.jpg,1779036470479,happy,4,happy_4_003,Show a strong happy expression with a bigger smile.,val,1
salenatang,20260517_124640,data/personalization/salenatang/frames/20260517_124640/salenatang_happy_4_003_1779036470678.jpg,1779036470678,happy,4,happy_4_003,Show a strong happy expression with a bigger smile.,train,1
salenatang,20260517_124640,data/personalization/salenatang/frames/20260517_124640/salenatang_happy_4_003_1779036470873.jpg,1779036470873,happy,4,happy_4_003,Show a strong happy expression with a bigger smile.,train,1
salenatang,20260517_124640,data/personalization/salenatang/frames/20260517_124640/salenatang_happy_4_003_1779036471077.jpg,1779036471077,happy,4,happy_4_003,Show a strong happy expression with a bigger smile.,train,1
salenatang,20260517_124640,data/personalization/salenatang/frames/20260517_124640/salenatang_happy_4_003_1779036471277.jpg,1779036471277,happy,4,happy_4_003,Show a strong happy expression with a bigger smile.,train,1
salenatang,20260517_124640,data/personalization/salenatang/frames/20260517_124640/salenatang_happy_4_003_1779036471479.jpg,1779036471479,happy,4,happy_4_003,Show a strong happy expression with a bigger smile.,train,1
salenatang,20260517_124640,data/personalization/salenatang/frames/20260517_124640/salenatang_happy_4_003_1779036471670.jpg,1779036471670,happy,4,happy_4_003,Show a strong happy expression with a bigger smile.,train,1
salenatang,20260517_124640,data/personalization/salenatang/frames/20260517_124640/salenatang_happy_4_003_1779036471867.jpg,1779036471867,happy,4,happy_4_003,Show a strong happy expression with a bigger smile.,train,1
salenatang,20260517_124640,data/personalization/salenatang/frames/20260517_124640/salenatang_happy_4_003_1779036472067.jpg,1779036472067,happy,4,happy_4_003,Show a strong happy expression with a bigger smile.,train,1
salenatang,20260517_124640,data/personalization/salenatang/frames/20260517_124640/salenatang_happy_5_004_1779036473140.jpg,1779036473140,happy,5,happy_5_004,Recall one of your happiest memories and show your strongest happy expression.,train,1
salenatang,20260517_124640,data/personalization/salenatang/frames/20260517_124640/salenatang_happy_5_004_1779036473302.jpg,1779036473302,happy,5,happy_5_004,Recall one of your happiest memories and show your strongest happy expression.,train,1
salenatang,20260517_124640,data/personalization/salenatang/frames/20260517_124640/salenatang_happy_5_004_1779036473500.jpg,1779036473500,happy,5,happy_5_004,Recall one of your happiest memories and show your strongest happy expression.,train,1
salenatang,20260517_124640,data/personalization/salenatang/frames/20260517_124640/salenatang_happy_5_004_1779036473711.jpg,1779036473711,happy,5,happy_5_004,Recall one of your happiest memories and show your strongest happy expression.,train,1
salenatang,20260517_124640,data/personalization/salenatang/frames/20260517_124640/salenatang_happy_5_004_1779036473913.jpg,1779036473913,happy,5,happy_5_004,Recall one of your happiest memories and show your strongest happy expression.,train,1
salenatang,20260517_124640,data/personalization/salenatang/frames/20260517_124640/salenatang_happy_5_004_1779036474114.jpg,1779036474114,happy,5,happy_5_004,Recall one of your happiest memories and show your strongest happy expression.,train,1
salenatang,20260517_124640,data/personalization/salenatang/frames/20260517_124640/salenatang_happy_5_004_1779036474309.jpg,1779036474309,happy,5,happy_5_004,Recall one of your happiest memories and show your strongest happy expression.,train,1
salenatang,20260517_124640,data/personalization/salenatang/frames/20260517_124640/salenatang_happy_5_004_1779036474511.jpg,1779036474511,happy,5,happy_5_004,Recall one of your happiest memories and show your strongest happy expression.,train,1
salenatang,20260517_124640,data/personalization/salenatang/frames/20260517_124640/salenatang_happy_5_004_1779036474709.jpg,1779036474709,happy,5,happy_5_004,Recall one of your happiest memories and show your strongest happy expression.,val,1
salenatang,20260517_124640,data/personalization/salenatang/frames/20260517_124640/salenatang_happy_5_004_1779036474911.jpg,1779036474911,happy,5,happy_5_004,Recall one of your happiest memories and show your strongest happy expression.,train,1
salenatang,20260517_124640,data/personalization/salenatang/frames/20260517_124640/salenatang_happy_5_004_1779036475102.jpg,1779036475102,happy,5,happy_5_004,Recall one of your happiest memories and show your strongest happy expression.,train,1
salenatang,20260517_124640,data/personalization/salenatang/frames/20260517_124640/salenatang_happy_5_004_1779036475300.jpg,1779036475300,happy,5,happy_5_004,Recall one of your happiest memories and show your strongest happy expression.,val,1
salenatang,20260517_124640,data/personalization/salenatang/frames/20260517_124640/salenatang_happy_5_004_1779036475500.jpg,1779036475500,happy,5,happy_5_004,Recall one of your happiest memories and show your strongest happy expression.,train,1
salenatang,20260517_124640,data/personalization/salenatang/frames/20260517_124640/salenatang_happy_5_004_1779036475709.jpg,1779036475709,happy,5,happy_5_004,Recall one of your happiest memories and show your strongest happy expression.,train,1
salenatang,20260517_124640,data/personalization/salenatang/frames/20260517_124640/salenatang_happy_5_004_1779036475907.jpg,1779036475907,happy,5,happy_5_004,Recall one of your happiest memories and show your strongest happy expression.,train,1
salenatang,20260517_124640,data/personalization/salenatang/frames/20260517_124640/salenatang_happy_5_004_1779036476109.jpg,1779036476109,happy,5,happy_5_004,Recall one of your happiest memories and show your strongest happy expression.,train,1
salenatang,20260517_124640,data/personalization/salenatang/frames/20260517_124640/salenatang_happy_5_004_1779036476310.jpg,1779036476310,happy,5,happy_5_004,Recall one of your happiest memories and show your strongest happy expression.,train,1
salenatang,20260517_124640,data/personalization/salenatang/frames/20260517_124640/salenatang_happy_5_004_1779036476511.jpg,1779036476511,happy,5,happy_5_004,Recall one of your happiest memories and show your strongest happy expression.,train,1
salenatang,20260517_124640,data/personalization/salenatang/frames/20260517_124640/salenatang_happy_5_004_1779036476709.jpg,1779036476709,happy,5,happy_5_004,Recall one of your happiest memories and show your strongest happy expression.,train,1
salenatang,20260517_124640,data/personalization/salenatang/frames/20260517_124640/salenatang_happy_5_004_1779036476911.jpg,1779036476911,happy,5,happy_5_004,Recall one of your happiest memories and show your strongest happy expression.,val,1
salenatang,20260517_124640,data/personalization/salenatang/frames/20260517_124640/salenatang_happy_5_004_1779036477112.jpg,1779036477112,happy,5,happy_5_004,Recall one of your happiest memories and show your strongest happy expression.,val,1
salenatang,20260517_124640,data/personalization/salenatang/frames/20260517_124640/salenatang_happy_5_004_1779036477309.jpg,1779036477309,happy,5,happy_5_004,Recall one of your happiest memories and show your strongest happy expression.,val,1
salenatang,20260517_124640,data/personalization/salenatang/frames/20260517_124640/salenatang_happy_5_004_1779036477513.jpg,1779036477513,happy,5,happy_5_004,Recall one of your happiest memories and show your strongest happy expression.,train,1
salenatang,20260517_124640,data/personalization/salenatang/frames/20260517_124640/salenatang_happy_5_004_1779036477709.jpg,1779036477709,happy,5,happy_5_004,Recall one of your happiest memories and show your strongest happy expression.,train,1
salenatang,20260517_124640,data/personalization/salenatang/frames/20260517_124640/salenatang_happy_5_004_1779036477909.jpg,1779036477909,happy,5,happy_5_004,Recall one of your happiest memories and show your strongest happy expression.,train,1
salenatang,20260517_124640,data/personalization/salenatang/frames/20260517_124640/salenatang_happy_5_004_1779036478111.jpg,1779036478111,happy,5,happy_5_004,Recall one of your happiest memories and show your strongest happy expression.,train,1
salenatang,20260517_124640,data/personalization/salenatang/frames/20260517_124640/salenatang_happy_5_004_1779036478308.jpg,1779036478308,happy,5,happy_5_004,Recall one of your happiest memories and show your strongest happy expression.,train,1
salenatang,20260517_124640,data/personalization/salenatang/frames/20260517_124640/salenatang_happy_5_004_1779036478513.jpg,1779036478513,happy,5,happy_5_004,Recall one of your happiest memories and show your strongest happy expression.,train,1
salenatang,20260517_124640,data/personalization/salenatang/frames/20260517_124640/salenatang_happy_5_004_1779036478712.jpg,1779036478712,happy,5,happy_5_004,Recall one of your happiest memories and show your strongest happy expression.,train,1
salenatang,20260517_124640,data/personalization/salenatang/frames/20260517_124640/salenatang_happy_5_004_1779036478910.jpg,1779036478910,happy,5,happy_5_004,Recall one of your happiest memories and show your strongest happy expression.,val,1
salenatang,20260517_124640,data/personalization/salenatang/frames/20260517_124640/salenatang_happy_5_004_1779036479111.jpg,1779036479111,happy,5,happy_5_004,Recall one of your happiest memories and show your strongest happy expression.,train,1
salenatang,20260517_124640,data/personalization/salenatang/frames/20260517_124640/salenatang_sad_1_005_1779036482841.jpg,1779036482841,sad,1,sad_1_005,Show a slight down or tired expression.,train,1
salenatang,20260517_124640,data/personalization/salenatang/frames/20260517_124640/salenatang_sad_1_005_1779036483009.jpg,1779036483009,sad,1,sad_1_005,Show a slight down or tired expression.,train,1
salenatang,20260517_124640,data/personalization/salenatang/frames/20260517_124640/salenatang_sad_1_005_1779036483213.jpg,1779036483213,sad,1,sad_1_005,Show a slight down or tired expression.,train,1
salenatang,20260517_124640,data/personalization/salenatang/frames/20260517_124640/salenatang_sad_1_005_1779036483414.jpg,1779036483414,sad,1,sad_1_005,Show a slight down or tired expression.,train,1
salenatang,20260517_124640,data/personalization/salenatang/frames/20260517_124640/salenatang_sad_1_005_1779036483612.jpg,1779036483612,sad,1,sad_1_005,Show a slight down or tired expression.,train,1
salenatang,20260517_124640,data/personalization/salenatang/frames/20260517_124640/salenatang_sad_1_005_1779036483812.jpg,1779036483812,sad,1,sad_1_005,Show a slight down or tired expression.,train,1
salenatang,20260517_124640,data/personalization/salenatang/frames/20260517_124640/salenatang_sad_1_005_1779036484011.jpg,1779036484011,sad,1,sad_1_005,Show a slight down or tired expression.,val,1
salenatang,20260517_124640,data/personalization/salenatang/frames/20260517_124640/salenatang_sad_1_005_1779036484215.jpg,1779036484215,sad,1,sad_1_005,Show a slight down or tired expression.,train,1
salenatang,20260517_124640,data/personalization/salenatang/frames/20260517_124640/salenatang_sad_1_005_1779036484413.jpg,1779036484413,sad,1,sad_1_005,Show a slight down or tired expression.,train,1
salenatang,20260517_124640,data/personalization/salenatang/frames/20260517_124640/salenatang_sad_1_005_1779036484608.jpg,1779036484608,sad,1,sad_1_005,Show a slight down or tired expression.,val,1
salenatang,20260517_124640,data/personalization/salenatang/frames/20260517_124640/salenatang_sad_1_005_1779036484813.jpg,1779036484813,sad,1,sad_1_005,Show a slight down or tired expression.,train,1
salenatang,20260517_124640,data/personalization/salenatang/frames/20260517_124640/salenatang_sad_1_005_1779036485009.jpg,1779036485009,sad,1,sad_1_005,Show a slight down or tired expression.,train,1
salenatang,20260517_124640,data/personalization/salenatang/frames/20260517_124640/salenatang_sad_1_005_1779036485207.jpg,1779036485207,sad,1,sad_1_005,Show a slight down or tired expression.,train,1
salenatang,20260517_124640,data/personalization/salenatang/frames/20260517_124640/salenatang_sad_1_005_1779036485410.jpg,1779036485410,sad,1,sad_1_005,Show a slight down or tired expression.,val,1
salenatang,20260517_124640,data/personalization/salenatang/frames/20260517_124640/salenatang_sad_1_005_1779036485611.jpg,1779036485611,sad,1,sad_1_005,Show a slight down or tired expression.,train,1
salenatang,20260517_124640,data/personalization/salenatang/frames/20260517_124640/salenatang_sad_1_005_1779036485813.jpg,1779036485813,sad,1,sad_1_005,Show a slight down or tired expression.,train,1
salenatang,20260517_124640,data/personalization/salenatang/frames/20260517_124640/salenatang_sad_1_005_1779036486012.jpg,1779036486012,sad,1,sad_1_005,Show a slight down or tired expression.,train,1
salenatang,20260517_124640,data/personalization/salenatang/frames/20260517_124640/salenatang_sad_1_005_1779036486212.jpg,1779036486212,sad,1,sad_1_005,Show a slight down or tired expression.,val,1
salenatang,20260517_124640,data/personalization/salenatang/frames/20260517_124640/salenatang_sad_1_005_1779036486413.jpg,1779036486413,sad,1,sad_1_005,Show a slight down or tired expression.,train,1
salenatang,20260517_124640,data/personalization/salenatang/frames/20260517_124640/salenatang_sad_1_005_1779036486612.jpg,1779036486612,sad,1,sad_1_005,Show a slight down or tired expression.,val,1
salenatang,20260517_124640,data/personalization/salenatang/frames/20260517_124640/salenatang_sad_1_005_1779036486813.jpg,1779036486813,sad,1,sad_1_005,Show a slight down or tired expression.,val,1
salenatang,20260517_124640,data/personalization/salenatang/frames/20260517_124640/salenatang_sad_1_005_1779036487001.jpg,1779036487001,sad,1,sad_1_005,Show a slight down or tired expression.,train,1
salenatang,20260517_124640,data/personalization/salenatang/frames/20260517_124640/salenatang_sad_1_005_1779036487201.jpg,1779036487201,sad,1,sad_1_005,Show a slight down or tired expression.,train,1
salenatang,20260517_124640,data/personalization/salenatang/frames/20260517_124640/salenatang_sad_1_005_1779036487402.jpg,1779036487402,sad,1,sad_1_005,Show a slight down or tired expression.,train,1
salenatang,20260517_124640,data/personalization/salenatang/frames/20260517_124640/salenatang_sad_1_005_1779036487609.jpg,1779036487609,sad,1,sad_1_005,Show a slight down or tired expression.,train,1
salenatang,20260517_124640,data/personalization/salenatang/frames/20260517_124640/salenatang_sad_1_005_1779036487814.jpg,1779036487814,sad,1,sad_1_005,Show a slight down or tired expression.,train,1
salenatang,20260517_124640,data/personalization/salenatang/frames/20260517_124640/salenatang_sad_1_005_1779036488010.jpg,1779036488010,sad,1,sad_1_005,Show a slight down or tired expression.,train,1
salenatang,20260517_124640,data/personalization/salenatang/frames/20260517_124640/salenatang_sad_1_005_1779036488213.jpg,1779036488213,sad,1,sad_1_005,Show a slight down or tired expression.,train,1
salenatang,20260517_124640,data/personalization/salenatang/frames/20260517_124640/salenatang_sad_1_005_1779036488414.jpg,1779036488414,sad,1,sad_1_005,Show a slight down or tired expression.,train,1
salenatang,20260517_124640,data/personalization/salenatang/frames/20260517_124640/salenatang_sad_1_005_1779036488611.jpg,1779036488611,sad,1,sad_1_005,Show a slight down or tired expression.,train,1
salenatang,20260517_124640,data/personalization/salenatang/frames/20260517_124640/salenatang_sad_1_005_1779036488815.jpg,1779036488815,sad,1,sad_1_005,Show a slight down or tired expression.,train,1
salenatang,20260517_124640,data/personalization/salenatang/frames/20260517_124640/salenatang_sad_2_006_1779036490011.jpg,1779036490011,sad,2,sad_2_006,Think of a time you were disappointed.,train,1
salenatang,20260517_124640,data/personalization/salenatang/frames/20260517_124640/salenatang_sad_2_006_1779036490181.jpg,1779036490181,sad,2,sad_2_006,Think of a time you were disappointed.,val,1
salenatang,20260517_124640,data/personalization/salenatang/frames/20260517_124640/salenatang_sad_2_006_1779036490378.jpg,1779036490378,sad,2,sad_2_006,Think of a time you were disappointed.,train,1
salenatang,20260517_124640,data/personalization/salenatang/frames/20260517_124640/salenatang_sad_2_006_1779036490581.jpg,1779036490581,sad,2,sad_2_006,Think of a time you were disappointed.,train,1
salenatang,20260517_124640,data/personalization/salenatang/frames/20260517_124640/salenatang_sad_2_006_1779036490778.jpg,1779036490778,sad,2,sad_2_006,Think of a time you were disappointed.,val,1
salenatang,20260517_124640,data/personalization/salenatang/frames/20260517_124640/salenatang_sad_2_006_1779036490979.jpg,1779036490979,sad,2,sad_2_006,Think of a time you were disappointed.,train,1
salenatang,20260517_124640,data/personalization/salenatang/frames/20260517_124640/salenatang_sad_2_006_1779036491176.jpg,1779036491176,sad,2,sad_2_006,Think of a time you were disappointed.,train,1
salenatang,20260517_124640,data/personalization/salenatang/frames/20260517_124640/salenatang_sad_2_006_1779036491376.jpg,1779036491376,sad,2,sad_2_006,Think of a time you were disappointed.,train,1
salenatang,20260517_124640,data/personalization/salenatang/frames/20260517_124640/salenatang_sad_2_006_1779036491581.jpg,1779036491581,sad,2,sad_2_006,Think of a time you were disappointed.,train,1
salenatang,20260517_124640,data/personalization/salenatang/frames/20260517_124640/salenatang_sad_2_006_1779036491778.jpg,1779036491778,sad,2,sad_2_006,Think of a time you were disappointed.,train,1
salenatang,20260517_124640,data/personalization/salenatang/frames/20260517_124640/salenatang_sad_2_006_1779036491980.jpg,1779036491980,sad,2,sad_2_006,Think of a time you were disappointed.,train,1
salenatang,20260517_124640,data/personalization/salenatang/frames/20260517_124640/salenatang_sad_2_006_1779036492180.jpg,1779036492180,sad,2,sad_2_006,Think of a time you were disappointed.,train,1
salenatang,20260517_124640,data/personalization/salenatang/frames/20260517_124640/salenatang_sad_2_006_1779036492382.jpg,1779036492382,sad,2,sad_2_006,Think of a time you were disappointed.,val,1
salenatang,20260517_124640,data/personalization/salenatang/frames/20260517_124640/salenatang_sad_2_006_1779036492581.jpg,1779036492581,sad,2,sad_2_006,Think of a time you were disappointed.,train,1
salenatang,20260517_124640,data/personalization/salenatang/frames/20260517_124640/salenatang_sad_2_006_1779036492780.jpg,1779036492780,sad,2,sad_2_006,Think of a time you were disappointed.,train,1
salenatang,20260517_124640,data/personalization/salenatang/frames/20260517_124640/salenatang_sad_2_006_1779036492978.jpg,1779036492978,sad,2,sad_2_006,Think of a time you were disappointed.,train,1
salenatang,20260517_124640,data/personalization/salenatang/frames/20260517_124640/salenatang_sad_2_006_1779036493179.jpg,1779036493179,sad,2,sad_2_006,Think of a time you were disappointed.,val,1
salenatang,20260517_124640,data/personalization/salenatang/frames/20260517_124640/salenatang_sad_2_006_1779036493380.jpg,1779036493380,sad,2,sad_2_006,Think of a time you were disappointed.,train,1
salenatang,20260517_124640,data/personalization/salenatang/frames/20260517_124640/salenatang_sad_2_006_1779036493578.jpg,1779036493578,sad,2,sad_2_006,Think of a time you were disappointed.,train,1
salenatang,20260517_124640,data/personalization/salenatang/frames/20260517_124640/salenatang_sad_2_006_1779036493778.jpg,1779036493778,sad,2,sad_2_006,Think of a time you were disappointed.,val,1
salenatang,20260517_124640,data/personalization/salenatang/frames/20260517_124640/salenatang_sad_2_006_1779036493968.jpg,1779036493968,sad,2,sad_2_006,Think of a time you were disappointed.,train,1
salenatang,20260517_124640,data/personalization/salenatang/frames/20260517_124640/salenatang_sad_2_006_1779036494178.jpg,1779036494178,sad,2,sad_2_006,Think of a time you were disappointed.,train,1
salenatang,20260517_124640,data/personalization/salenatang/frames/20260517_124640/salenatang_sad_2_006_1779036494373.jpg,1779036494373,sad,2,sad_2_006,Think of a time you were disappointed.,train,1
salenatang,20260517_124640,data/personalization/salenatang/frames/20260517_124640/salenatang_sad_2_006_1779036494569.jpg,1779036494569,sad,2,sad_2_006,Think of a time you were disappointed.,train,1
salenatang,20260517_124640,data/personalization/salenatang/frames/20260517_124640/salenatang_sad_2_006_1779036494769.jpg,1779036494769,sad,2,sad_2_006,Think of a time you were disappointed.,train,1
salenatang,20260517_124640,data/personalization/salenatang/frames/20260517_124640/salenatang_sad_2_006_1779036494981.jpg,1779036494981,sad,2,sad_2_006,Think of a time you were disappointed.,train,1
salenatang,20260517_124640,data/personalization/salenatang/frames/20260517_124640/salenatang_sad_2_006_1779036495180.jpg,1779036495180,sad,2,sad_2_006,Think of a time you were disappointed.,val,1
salenatang,20260517_124640,data/personalization/salenatang/frames/20260517_124640/salenatang_sad_2_006_1779036495376.jpg,1779036495376,sad,2,sad_2_006,Think of a time you were disappointed.,train,1
salenatang,20260517_124640,data/personalization/salenatang/frames/20260517_124640/salenatang_sad_2_006_1779036495579.jpg,1779036495579,sad,2,sad_2_006,Think of a time you were disappointed.,train,1
salenatang,20260517_124640,data/personalization/salenatang/frames/20260517_124640/salenatang_sad_2_006_1779036495782.jpg,1779036495782,sad,2,sad_2_006,Think of a time you were disappointed.,train,1
salenatang,20260517_124640,data/personalization/salenatang/frames/20260517_124640/salenatang_sad_2_006_1779036495980.jpg,1779036495980,sad,2,sad_2_006,Think of a time you were disappointed.,train,1
salenatang,20260517_124640,data/personalization/salenatang/frames/20260517_124640/salenatang_sad_3_007_1779036497414.jpg,1779036497414,sad,3,sad_3_007,Think of a sad memory and show clear sadness.,val,1
salenatang,20260517_124640,data/personalization/salenatang/frames/20260517_124640/salenatang_sad_3_007_1779036497579.jpg,1779036497579,sad,3,sad_3_007,Think of a sad memory and show clear sadness.,train,1
salenatang,20260517_124640,data/personalization/salenatang/frames/20260517_124640/salenatang_sad_3_007_1779036497782.jpg,1779036497782,sad,3,sad_3_007,Think of a sad memory and show clear sadness.,val,1
salenatang,20260517_124640,data/personalization/salenatang/frames/20260517_124640/salenatang_sad_3_007_1779036497980.jpg,1779036497980,sad,3,sad_3_007,Think of a sad memory and show clear sadness.,train,1
salenatang,20260517_124640,data/personalization/salenatang/frames/20260517_124640/salenatang_sad_3_007_1779036498179.jpg,1779036498179,sad,3,sad_3_007,Think of a sad memory and show clear sadness.,val,1
salenatang,20260517_124640,data/personalization/salenatang/frames/20260517_124640/salenatang_sad_3_007_1779036498379.jpg,1779036498379,sad,3,sad_3_007,Think of a sad memory and show clear sadness.,train,1
salenatang,20260517_124640,data/personalization/salenatang/frames/20260517_124640/salenatang_sad_3_007_1779036498580.jpg,1779036498580,sad,3,sad_3_007,Think of a sad memory and show clear sadness.,train,1
salenatang,20260517_124640,data/personalization/salenatang/frames/20260517_124640/salenatang_sad_3_007_1779036498774.jpg,1779036498774,sad,3,sad_3_007,Think of a sad memory and show clear sadness.,train,1
salenatang,20260517_124640,data/personalization/salenatang/frames/20260517_124640/salenatang_sad_3_007_1779036498979.jpg,1779036498979,sad,3,sad_3_007,Think of a sad memory and show clear sadness.,train,1
salenatang,20260517_124640,data/personalization/salenatang/frames/20260517_124640/salenatang_sad_3_007_1779036499181.jpg,1779036499181,sad,3,sad_3_007,Think of a sad memory and show clear sadness.,val,1
salenatang,20260517_124640,data/personalization/salenatang/frames/20260517_124640/salenatang_sad_3_007_1779036499381.jpg,1779036499381,sad,3,sad_3_007,Think of a sad memory and show clear sadness.,train,1
salenatang,20260517_124640,data/personalization/salenatang/frames/20260517_124640/salenatang_sad_3_007_1779036499579.jpg,1779036499579,sad,3,sad_3_007,Think of a sad memory and show clear sadness.,train,1
salenatang,20260517_124640,data/personalization/salenatang/frames/20260517_124640/salenatang_sad_3_007_1779036499781.jpg,1779036499781,sad,3,sad_3_007,Think of a sad memory and show clear sadness.,train,1
salenatang,20260517_124640,data/personalization/salenatang/frames/20260517_124640/salenatang_sad_3_007_1779036499978.jpg,1779036499978,sad,3,sad_3_007,Think of a sad memory and show clear sadness.,train,1
salenatang,20260517_124640,data/personalization/salenatang/frames/20260517_124640/salenatang_sad_3_007_1779036500179.jpg,1779036500179,sad,3,sad_3_007,Think of a sad memory and show clear sadness.,val,1
salenatang,20260517_124640,data/personalization/salenatang/frames/20260517_124640/salenatang_sad_3_007_1779036500381.jpg,1779036500381,sad,3,sad_3_007,Think of a sad memory and show clear sadness.,train,1
salenatang,20260517_124640,data/personalization/salenatang/frames/20260517_124640/salenatang_sad_3_007_1779036500581.jpg,1779036500581,sad,3,sad_3_007,Think of a sad memory and show clear sadness.,train,1
salenatang,20260517_124640,data/personalization/salenatang/frames/20260517_124640/salenatang_sad_3_007_1779036500783.jpg,1779036500783,sad,3,sad_3_007,Think of a sad memory and show clear sadness.,train,1
salenatang,20260517_124640,data/personalization/salenatang/frames/20260517_124640/salenatang_sad_3_007_1779036500982.jpg,1779036500982,sad,3,sad_3_007,Think of a sad memory and show clear sadness.,train,1
salenatang,20260517_124640,data/personalization/salenatang/frames/20260517_124640/salenatang_sad_3_007_1779036501182.jpg,1779036501182,sad,3,sad_3_007,Think of a sad memory and show clear sadness.,train,1
salenatang,20260517_124640,data/personalization/salenatang/frames/20260517_124640/salenatang_sad_3_007_1779036501368.jpg,1779036501368,sad,3,sad_3_007,Think of a sad memory and show clear sadness.,train,1
salenatang,20260517_124640,data/personalization/salenatang/frames/20260517_124640/salenatang_sad_3_007_1779036501571.jpg,1779036501571,sad,3,sad_3_007,Think of a sad memory and show clear sadness.,train,1
salenatang,20260517_124640,data/personalization/salenatang/frames/20260517_124640/salenatang_sad_3_007_1779036501769.jpg,1779036501769,sad,3,sad_3_007,Think of a sad memory and show clear sadness.,train,1
salenatang,20260517_124640,data/personalization/salenatang/frames/20260517_124640/salenatang_sad_3_007_1779036501980.jpg,1779036501980,sad,3,sad_3_007,Think of a sad memory and show clear sadness.,train,1
salenatang,20260517_124640,data/personalization/salenatang/frames/20260517_124640/salenatang_sad_3_007_1779036502181.jpg,1779036502181,sad,3,sad_3_007,Think of a sad memory and show clear sadness.,train,1
salenatang,20260517_124640,data/personalization/salenatang/frames/20260517_124640/salenatang_sad_3_007_1779036502382.jpg,1779036502382,sad,3,sad_3_007,Think of a sad memory and show clear sadness.,train,1
salenatang,20260517_124640,data/personalization/salenatang/frames/20260517_124640/salenatang_sad_3_007_1779036502579.jpg,1779036502579,sad,3,sad_3_007,Think of a sad memory and show clear sadness.,train,1
salenatang,20260517_124640,data/personalization/salenatang/frames/20260517_124640/salenatang_sad_3_007_1779036502781.jpg,1779036502781,sad,3,sad_3_007,Think of a sad memory and show clear sadness.,train,1
salenatang,20260517_124640,data/personalization/salenatang/frames/20260517_124640/salenatang_sad_3_007_1779036502980.jpg,1779036502980,sad,3,sad_3_007,Think of a sad memory and show clear sadness.,val,1
salenatang,20260517_124640,data/personalization/salenatang/frames/20260517_124640/salenatang_sad_3_007_1779036503177.jpg,1779036503177,sad,3,sad_3_007,Think of a sad memory and show clear sadness.,train,1
salenatang,20260517_124640,data/personalization/salenatang/frames/20260517_124640/salenatang_sad_3_007_1779036503382.jpg,1779036503382,sad,3,sad_3_007,Think of a sad memory and show clear sadness.,train,1
salenatang,20260517_124640,data/personalization/salenatang/frames/20260517_124640/salenatang_sad_4_008_1779036504570.jpg,1779036504570,sad,4,sad_4_008,Show a stronger sad expression.,train,1
salenatang,20260517_124640,data/personalization/salenatang/frames/20260517_124640/salenatang_sad_4_008_1779036504736.jpg,1779036504736,sad,4,sad_4_008,Show a stronger sad expression.,train,1
salenatang,20260517_124640,data/personalization/salenatang/frames/20260517_124640/salenatang_sad_4_008_1779036504936.jpg,1779036504936,sad,4,sad_4_008,Show a stronger sad expression.,train,1
salenatang,20260517_124640,data/personalization/salenatang/frames/20260517_124640/salenatang_sad_4_008_1779036505144.jpg,1779036505144,sad,4,sad_4_008,Show a stronger sad expression.,val,1
salenatang,20260517_124640,data/personalization/salenatang/frames/20260517_124640/salenatang_sad_4_008_1779036505347.jpg,1779036505347,sad,4,sad_4_008,Show a stronger sad expression.,train,1
salenatang,20260517_124640,data/personalization/salenatang/frames/20260517_124640/salenatang_sad_4_008_1779036505551.jpg,1779036505551,sad,4,sad_4_008,Show a stronger sad expression.,val,1
salenatang,20260517_124640,data/personalization/salenatang/frames/20260517_124640/salenatang_sad_4_008_1779036505748.jpg,1779036505748,sad,4,sad_4_008,Show a stronger sad expression.,train,1
salenatang,20260517_124640,data/personalization/salenatang/frames/20260517_124640/salenatang_sad_4_008_1779036505946.jpg,1779036505946,sad,4,sad_4_008,Show a stronger sad expression.,train,1
salenatang,20260517_124640,data/personalization/salenatang/frames/20260517_124640/salenatang_sad_4_008_1779036506145.jpg,1779036506145,sad,4,sad_4_008,Show a stronger sad expression.,train,1
salenatang,20260517_124640,data/personalization/salenatang/frames/20260517_124640/salenatang_sad_4_008_1779036506345.jpg,1779036506345,sad,4,sad_4_008,Show a stronger sad expression.,train,1
salenatang,20260517_124640,data/personalization/salenatang/frames/20260517_124640/salenatang_sad_4_008_1779036506552.jpg,1779036506552,sad,4,sad_4_008,Show a stronger sad expression.,train,1
salenatang,20260517_124640,data/personalization/salenatang/frames/20260517_124640/salenatang_sad_4_008_1779036506745.jpg,1779036506745,sad,4,sad_4_008,Show a stronger sad expression.,val,1
salenatang,20260517_124640,data/personalization/salenatang/frames/20260517_124640/salenatang_sad_4_008_1779036506945.jpg,1779036506945,sad,4,sad_4_008,Show a stronger sad expression.,train,1
salenatang,20260517_124640,data/personalization/salenatang/frames/20260517_124640/salenatang_sad_4_008_1779036507150.jpg,1779036507150,sad,4,sad_4_008,Show a stronger sad expression.,train,1
salenatang,20260517_124640,data/personalization/salenatang/frames/20260517_124640/salenatang_sad_4_008_1779036507340.jpg,1779036507340,sad,4,sad_4_008,Show a stronger sad expression.,train,1
salenatang,20260517_124640,data/personalization/salenatang/frames/20260517_124640/salenatang_sad_4_008_1779036507551.jpg,1779036507551,sad,4,sad_4_008,Show a stronger sad expression.,train,1
salenatang,20260517_124640,data/personalization/salenatang/frames/20260517_124640/salenatang_sad_4_008_1779036507746.jpg,1779036507746,sad,4,sad_4_008,Show a stronger sad expression.,train,1
salenatang,20260517_124640,data/personalization/salenatang/frames/20260517_124640/salenatang_sad_4_008_1779036507948.jpg,1779036507948,sad,4,sad_4_008,Show a stronger sad expression.,train,1
salenatang,20260517_124640,data/personalization/salenatang/frames/20260517_124640/salenatang_sad_4_008_1779036508150.jpg,1779036508150,sad,4,sad_4_008,Show a stronger sad expression.,train,1
salenatang,20260517_124640,data/personalization/salenatang/frames/20260517_124640/salenatang_sad_4_008_1779036508344.jpg,1779036508344,sad,4,sad_4_008,Show a stronger sad expression.,train,1
salenatang,20260517_124640,data/personalization/salenatang/frames/20260517_124640/salenatang_sad_4_008_1779036508552.jpg,1779036508552,sad,4,sad_4_008,Show a stronger sad expression.,val,1
salenatang,20260517_124640,data/personalization/salenatang/frames/20260517_124640/salenatang_sad_4_008_1779036508749.jpg,1779036508749,sad,4,sad_4_008,Show a stronger sad expression.,train,1
salenatang,20260517_124640,data/personalization/salenatang/frames/20260517_124640/salenatang_sad_4_008_1779036508944.jpg,1779036508944,sad,4,sad_4_008,Show a stronger sad expression.,train,1
salenatang,20260517_124640,data/personalization/salenatang/frames/20260517_124640/salenatang_sad_4_008_1779036509144.jpg,1779036509144,sad,4,sad_4_008,Show a stronger sad expression.,train,1
salenatang,20260517_124640,data/personalization/salenatang/frames/20260517_124640/salenatang_sad_4_008_1779036509351.jpg,1779036509351,sad,4,sad_4_008,Show a stronger sad expression.,train,1
salenatang,20260517_124640,data/personalization/salenatang/frames/20260517_124640/salenatang_sad_4_008_1779036509544.jpg,1779036509544,sad,4,sad_4_008,Show a stronger sad expression.,val,1
salenatang,20260517_124640,data/personalization/salenatang/frames/20260517_124640/salenatang_sad_4_008_1779036509737.jpg,1779036509737,sad,4,sad_4_008,Show a stronger sad expression.,train,1
salenatang,20260517_124640,data/personalization/salenatang/frames/20260517_124640/salenatang_sad_4_008_1779036509939.jpg,1779036509939,sad,4,sad_4_008,Show a stronger sad expression.,train,1
salenatang,20260517_124640,data/personalization/salenatang/frames/20260517_124640/salenatang_sad_4_008_1779036510148.jpg,1779036510148,sad,4,sad_4_008,Show a stronger sad expression.,train,1
salenatang,20260517_124640,data/personalization/salenatang/frames/20260517_124640/salenatang_sad_4_008_1779036510349.jpg,1779036510349,sad,4,sad_4_008,Show a stronger sad expression.,val,1
salenatang,20260517_124640,data/personalization/salenatang/frames/20260517_124640/salenatang_sad_4_008_1779036510552.jpg,1779036510552,sad,4,sad_4_008,Show a stronger sad expression.,train,1
salenatang,20260517_124640,data/personalization/salenatang/frames/20260517_124640/salenatang_sad_5_009_1779036511817.jpg,1779036511817,sad,5,sad_5_009,Think of a time you felt hopeless and show your strongest sad expression.,train,1
salenatang,20260517_124640,data/personalization/salenatang/frames/20260517_124640/salenatang_sad_5_009_1779036511986.jpg,1779036511986,sad,5,sad_5_009,Think of a time you felt hopeless and show your strongest sad expression.,train,1
salenatang,20260517_124640,data/personalization/salenatang/frames/20260517_124640/salenatang_sad_5_009_1779036512179.jpg,1779036512179,sad,5,sad_5_009,Think of a time you felt hopeless and show your strongest sad expression.,val,1
salenatang,20260517_124640,data/personalization/salenatang/frames/20260517_124640/salenatang_sad_5_009_1779036512383.jpg,1779036512383,sad,5,sad_5_009,Think of a time you felt hopeless and show your strongest sad expression.,train,1
salenatang,20260517_124640,data/personalization/salenatang/frames/20260517_124640/salenatang_sad_5_009_1779036512580.jpg,1779036512580,sad,5,sad_5_009,Think of a time you felt hopeless and show your strongest sad expression.,train,1
salenatang,20260517_124640,data/personalization/salenatang/frames/20260517_124640/salenatang_sad_5_009_1779036512781.jpg,1779036512781,sad,5,sad_5_009,Think of a time you felt hopeless and show your strongest sad expression.,train,1
salenatang,20260517_124640,data/personalization/salenatang/frames/20260517_124640/salenatang_sad_5_009_1779036512984.jpg,1779036512984,sad,5,sad_5_009,Think of a time you felt hopeless and show your strongest sad expression.,val,1
salenatang,20260517_124640,data/personalization/salenatang/frames/20260517_124640/salenatang_sad_5_009_1779036513180.jpg,1779036513180,sad,5,sad_5_009,Think of a time you felt hopeless and show your strongest sad expression.,train,1
salenatang,20260517_124640,data/personalization/salenatang/frames/20260517_124640/salenatang_sad_5_009_1779036513379.jpg,1779036513379,sad,5,sad_5_009,Think of a time you felt hopeless and show your strongest sad expression.,train,1
salenatang,20260517_124640,data/personalization/salenatang/frames/20260517_124640/salenatang_sad_5_009_1779036513583.jpg,1779036513583,sad,5,sad_5_009,Think of a time you felt hopeless and show your strongest sad expression.,train,1
salenatang,20260517_124640,data/personalization/salenatang/frames/20260517_124640/salenatang_sad_5_009_1779036513784.jpg,1779036513784,sad,5,sad_5_009,Think of a time you felt hopeless and show your strongest sad expression.,train,1
salenatang,20260517_124640,data/personalization/salenatang/frames/20260517_124640/salenatang_sad_5_009_1779036513982.jpg,1779036513982,sad,5,sad_5_009,Think of a time you felt hopeless and show your strongest sad expression.,train,1
salenatang,20260517_124640,data/personalization/salenatang/frames/20260517_124640/salenatang_sad_5_009_1779036514182.jpg,1779036514182,sad,5,sad_5_009,Think of a time you felt hopeless and show your strongest sad expression.,train,1
salenatang,20260517_124640,data/personalization/salenatang/frames/20260517_124640/salenatang_sad_5_009_1779036514383.jpg,1779036514383,sad,5,sad_5_009,Think of a time you felt hopeless and show your strongest sad expression.,train,1
salenatang,20260517_124640,data/personalization/salenatang/frames/20260517_124640/salenatang_sad_5_009_1779036514584.jpg,1779036514584,sad,5,sad_5_009,Think of a time you felt hopeless and show your strongest sad expression.,train,1
salenatang,20260517_124640,data/personalization/salenatang/frames/20260517_124640/salenatang_sad_5_009_1779036514781.jpg,1779036514781,sad,5,sad_5_009,Think of a time you felt hopeless and show your strongest sad expression.,val,1
salenatang,20260517_124640,data/personalization/salenatang/frames/20260517_124640/salenatang_sad_5_009_1779036514981.jpg,1779036514981,sad,5,sad_5_009,Think of a time you felt hopeless and show your strongest sad expression.,train,1
salenatang,20260517_124640,data/personalization/salenatang/frames/20260517_124640/salenatang_sad_5_009_1779036515182.jpg,1779036515182,sad,5,sad_5_009,Think of a time you felt hopeless and show your strongest sad expression.,train,1
salenatang,20260517_124640,data/personalization/salenatang/frames/20260517_124640/salenatang_sad_5_009_1779036515383.jpg,1779036515383,sad,5,sad_5_009,Think of a time you felt hopeless and show your strongest sad expression.,train,1
salenatang,20260517_124640,data/personalization/salenatang/frames/20260517_124640/salenatang_sad_5_009_1779036515582.jpg,1779036515582,sad,5,sad_5_009,Think of a time you felt hopeless and show your strongest sad expression.,train,1
salenatang,20260517_124640,data/personalization/salenatang/frames/20260517_124640/salenatang_sad_5_009_1779036515782.jpg,1779036515782,sad,5,sad_5_009,Think of a time you felt hopeless and show your strongest sad expression.,train,1
salenatang,20260517_124640,data/personalization/salenatang/frames/20260517_124640/salenatang_sad_5_009_1779036515983.jpg,1779036515983,sad,5,sad_5_009,Think of a time you felt hopeless and show your strongest sad expression.,train,1
salenatang,20260517_124640,data/personalization/salenatang/frames/20260517_124640/salenatang_sad_5_009_1779036516185.jpg,1779036516185,sad,5,sad_5_009,Think of a time you felt hopeless and show your strongest sad expression.,train,1
salenatang,20260517_124640,data/personalization/salenatang/frames/20260517_124640/salenatang_sad_5_009_1779036516382.jpg,1779036516382,sad,5,sad_5_009,Think of a time you felt hopeless and show your strongest sad expression.,val,1
salenatang,20260517_124640,data/personalization/salenatang/frames/20260517_124640/salenatang_sad_5_009_1779036516584.jpg,1779036516584,sad,5,sad_5_009,Think of a time you felt hopeless and show your strongest sad expression.,train,1
salenatang,20260517_124640,data/personalization/salenatang/frames/20260517_124640/salenatang_sad_5_009_1779036516779.jpg,1779036516779,sad,5,sad_5_009,Think of a time you felt hopeless and show your strongest sad expression.,train,1
salenatang,20260517_124640,data/personalization/salenatang/frames/20260517_124640/salenatang_sad_5_009_1779036516985.jpg,1779036516985,sad,5,sad_5_009,Think of a time you felt hopeless and show your strongest sad expression.,val,1
salenatang,20260517_124640,data/personalization/salenatang/frames/20260517_124640/salenatang_sad_5_009_1779036517185.jpg,1779036517185,sad,5,sad_5_009,Think of a time you felt hopeless and show your strongest sad expression.,val,1
salenatang,20260517_124640,data/personalization/salenatang/frames/20260517_124640/salenatang_sad_5_009_1779036517385.jpg,1779036517385,sad,5,sad_5_009,Think of a time you felt hopeless and show your strongest sad expression.,train,1
salenatang,20260517_124640,data/personalization/salenatang/frames/20260517_124640/salenatang_sad_5_009_1779036517575.jpg,1779036517575,sad,5,sad_5_009,Think of a time you felt hopeless and show your strongest sad expression.,train,1
salenatang,20260517_124640,data/personalization/salenatang/frames/20260517_124640/salenatang_sad_5_009_1779036517781.jpg,1779036517781,sad,5,sad_5_009,Think of a time you felt hopeless and show your strongest sad expression.,train,1
salenatang,20260517_124640,data/personalization/salenatang/frames/20260517_124640/salenatang_angry_1_010_1779036519782.jpg,1779036519782,angry,1,angry_1_010,Show mild annoyance.,val,1
salenatang,20260517_124640,data/personalization/salenatang/frames/20260517_124640/salenatang_angry_1_010_1779036519944.jpg,1779036519944,angry,1,angry_1_010,Show mild annoyance.,val,1
salenatang,20260517_124640,data/personalization/salenatang/frames/20260517_124640/salenatang_angry_1_010_1779036520146.jpg,1779036520146,angry,1,angry_1_010,Show mild annoyance.,train,1
salenatang,20260517_124640,data/personalization/salenatang/frames/20260517_124640/salenatang_angry_1_010_1779036520351.jpg,1779036520351,angry,1,angry_1_010,Show mild annoyance.,train,1
salenatang,20260517_124640,data/personalization/salenatang/frames/20260517_124640/salenatang_angry_1_010_1779036520548.jpg,1779036520548,angry,1,angry_1_010,Show mild annoyance.,train,1
salenatang,20260517_124640,data/personalization/salenatang/frames/20260517_124640/salenatang_angry_1_010_1779036520739.jpg,1779036520739,angry,1,angry_1_010,Show mild annoyance.,train,1
salenatang,20260517_124640,data/personalization/salenatang/frames/20260517_124640/salenatang_angry_1_010_1779036520939.jpg,1779036520939,angry,1,angry_1_010,Show mild annoyance.,train,1
salenatang,20260517_124640,data/personalization/salenatang/frames/20260517_124640/salenatang_angry_1_010_1779036521148.jpg,1779036521148,angry,1,angry_1_010,Show mild annoyance.,train,1
salenatang,20260517_124640,data/personalization/salenatang/frames/20260517_124640/salenatang_angry_1_010_1779036521348.jpg,1779036521348,angry,1,angry_1_010,Show mild annoyance.,train,1
salenatang,20260517_124640,data/personalization/salenatang/frames/20260517_124640/salenatang_angry_1_010_1779036521550.jpg,1779036521550,angry,1,angry_1_010,Show mild annoyance.,train,1
salenatang,20260517_124640,data/personalization/salenatang/frames/20260517_124640/salenatang_angry_1_010_1779036521747.jpg,1779036521747,angry,1,angry_1_010,Show mild annoyance.,val,1
salenatang,20260517_124640,data/personalization/salenatang/frames/20260517_124640/salenatang_angry_1_010_1779036521950.jpg,1779036521950,angry,1,angry_1_010,Show mild annoyance.,val,1
salenatang,20260517_124640,data/personalization/salenatang/frames/20260517_124640/salenatang_angry_1_010_1779036522148.jpg,1779036522148,angry,1,angry_1_010,Show mild annoyance.,train,1
salenatang,20260517_124640,data/personalization/salenatang/frames/20260517_124640/salenatang_angry_1_010_1779036522345.jpg,1779036522345,angry,1,angry_1_010,Show mild annoyance.,train,1
salenatang,20260517_124640,data/personalization/salenatang/frames/20260517_124640/salenatang_angry_1_010_1779036522550.jpg,1779036522550,angry,1,angry_1_010,Show mild annoyance.,train,1
salenatang,20260517_124640,data/personalization/salenatang/frames/20260517_124640/salenatang_angry_1_010_1779036522751.jpg,1779036522751,angry,1,angry_1_010,Show mild annoyance.,train,1
salenatang,20260517_124640,data/personalization/salenatang/frames/20260517_124640/salenatang_angry_1_010_1779036522949.jpg,1779036522949,angry,1,angry_1_010,Show mild annoyance.,train,1
salenatang,20260517_124640,data/personalization/salenatang/frames/20260517_124640/salenatang_angry_1_010_1779036523146.jpg,1779036523146,angry,1,angry_1_010,Show mild annoyance.,train,1
salenatang,20260517_124640,data/personalization/salenatang/frames/20260517_124640/salenatang_angry_1_010_1779036523347.jpg,1779036523347,angry,1,angry_1_010,Show mild annoyance.,train,1
salenatang,20260517_124640,data/personalization/salenatang/frames/20260517_124640/salenatang_angry_1_010_1779036523551.jpg,1779036523551,angry,1,angry_1_010,Show mild annoyance.,train,1
salenatang,20260517_124640,data/personalization/salenatang/frames/20260517_124640/salenatang_angry_1_010_1779036523747.jpg,1779036523747,angry,1,angry_1_010,Show mild annoyance.,train,1
salenatang,20260517_124640,data/personalization/salenatang/frames/20260517_124640/salenatang_angry_1_010_1779036523951.jpg,1779036523951,angry,1,angry_1_010,Show mild annoyance.,val,1
salenatang,20260517_124640,data/personalization/salenatang/frames/20260517_124640/salenatang_angry_1_010_1779036524145.jpg,1779036524145,angry,1,angry_1_010,Show mild annoyance.,train,1
salenatang,20260517_124640,data/personalization/salenatang/frames/20260517_124640/salenatang_angry_1_010_1779036524349.jpg,1779036524349,angry,1,angry_1_010,Show mild annoyance.,train,1
salenatang,20260517_124640,data/personalization/salenatang/frames/20260517_124640/salenatang_angry_1_010_1779036524550.jpg,1779036524550,angry,1,angry_1_010,Show mild annoyance.,val,1
salenatang,20260517_124640,data/personalization/salenatang/frames/20260517_124640/salenatang_angry_1_010_1779036524747.jpg,1779036524747,angry,1,angry_1_010,Show mild annoyance.,train,1
salenatang,20260517_124640,data/personalization/salenatang/frames/20260517_124640/salenatang_angry_1_010_1779036524952.jpg,1779036524952,angry,1,angry_1_010,Show mild annoyance.,train,1
salenatang,20260517_124640,data/personalization/salenatang/frames/20260517_124640/salenatang_angry_1_010_1779036525149.jpg,1779036525149,angry,1,angry_1_010,Show mild annoyance.,train,1
salenatang,20260517_124640,data/personalization/salenatang/frames/20260517_124640/salenatang_angry_1_010_1779036525348.jpg,1779036525348,angry,1,angry_1_010,Show mild annoyance.,train,1
salenatang,20260517_124640,data/personalization/salenatang/frames/20260517_124640/salenatang_angry_1_010_1779036525553.jpg,1779036525553,angry,1,angry_1_010,Show mild annoyance.,train,1
salenatang,20260517_124640,data/personalization/salenatang/frames/20260517_124640/salenatang_angry_1_010_1779036525746.jpg,1779036525746,angry,1,angry_1_010,Show mild annoyance.,train,1
salenatang,20260517_124640,data/personalization/salenatang/frames/20260517_124640/salenatang_angry_2_011_1779036526507.jpg,1779036526507,angry,2,angry_2_011,Think of something that irritated you.,train,1
salenatang,20260517_124640,data/personalization/salenatang/frames/20260517_124640/salenatang_angry_2_011_1779036526672.jpg,1779036526672,angry,2,angry_2_011,Think of something that irritated you.,train,1
salenatang,20260517_124640,data/personalization/salenatang/frames/20260517_124640/salenatang_angry_2_011_1779036526873.jpg,1779036526873,angry,2,angry_2_011,Think of something that irritated you.,val,1
salenatang,20260517_124640,data/personalization/salenatang/frames/20260517_124640/salenatang_angry_2_011_1779036527081.jpg,1779036527081,angry,2,angry_2_011,Think of something that irritated you.,train,1
salenatang,20260517_124640,data/personalization/salenatang/frames/20260517_124640/salenatang_angry_2_011_1779036527283.jpg,1779036527283,angry,2,angry_2_011,Think of something that irritated you.,train,1
salenatang,20260517_124640,data/personalization/salenatang/frames/20260517_124640/salenatang_angry_2_011_1779036527482.jpg,1779036527482,angry,2,angry_2_011,Think of something that irritated you.,train,1
salenatang,20260517_124640,data/personalization/salenatang/frames/20260517_124640/salenatang_angry_2_011_1779036527684.jpg,1779036527684,angry,2,angry_2_011,Think of something that irritated you.,train,1
salenatang,20260517_124640,data/personalization/salenatang/frames/20260517_124640/salenatang_angry_2_011_1779036527883.jpg,1779036527883,angry,2,angry_2_011,Think of something that irritated you.,val,1
salenatang,20260517_124640,data/personalization/salenatang/frames/20260517_124640/salenatang_angry_2_011_1779036528082.jpg,1779036528082,angry,2,angry_2_011,Think of something that irritated you.,train,1
salenatang,20260517_124640,data/personalization/salenatang/frames/20260517_124640/salenatang_angry_2_011_1779036528282.jpg,1779036528282,angry,2,angry_2_011,Think of something that irritated you.,train,1
salenatang,20260517_124640,data/personalization/salenatang/frames/20260517_124640/salenatang_angry_2_011_1779036528479.jpg,1779036528479,angry,2,angry_2_011,Think of something that irritated you.,train,1
salenatang,20260517_124640,data/personalization/salenatang/frames/20260517_124640/salenatang_angry_2_011_1779036528681.jpg,1779036528681,angry,2,angry_2_011,Think of something that irritated you.,train,1
salenatang,20260517_124640,data/personalization/salenatang/frames/20260517_124640/salenatang_angry_2_011_1779036528881.jpg,1779036528881,angry,2,angry_2_011,Think of something that irritated you.,train,1
salenatang,20260517_124640,data/personalization/salenatang/frames/20260517_124640/salenatang_angry_2_011_1779036529082.jpg,1779036529082,angry,2,angry_2_011,Think of something that irritated you.,train,1
salenatang,20260517_124640,data/personalization/salenatang/frames/20260517_124640/salenatang_angry_2_011_1779036529286.jpg,1779036529286,angry,2,angry_2_011,Think of something that irritated you.,train,1
salenatang,20260517_124640,data/personalization/salenatang/frames/20260517_124640/salenatang_angry_2_011_1779036529484.jpg,1779036529484,angry,2,angry_2_011,Think of something that irritated you.,train,1
salenatang,20260517_124640,data/personalization/salenatang/frames/20260517_124640/salenatang_angry_2_011_1779036529680.jpg,1779036529680,angry,2,angry_2_011,Think of something that irritated you.,val,1
salenatang,20260517_124640,data/personalization/salenatang/frames/20260517_124640/salenatang_angry_2_011_1779036529883.jpg,1779036529883,angry,2,angry_2_011,Think of something that irritated you.,train,1
salenatang,20260517_124640,data/personalization/salenatang/frames/20260517_124640/salenatang_angry_2_011_1779036530080.jpg,1779036530080,angry,2,angry_2_011,Think of something that irritated you.,train,1
salenatang,20260517_124640,data/personalization/salenatang/frames/20260517_124640/salenatang_angry_2_011_1779036530284.jpg,1779036530284,angry,2,angry_2_011,Think of something that irritated you.,val,1
salenatang,20260517_124640,data/personalization/salenatang/frames/20260517_124640/salenatang_angry_2_011_1779036530487.jpg,1779036530487,angry,2,angry_2_011,Think of something that irritated you.,train,1
salenatang,20260517_124640,data/personalization/salenatang/frames/20260517_124640/salenatang_angry_2_011_1779036530684.jpg,1779036530684,angry,2,angry_2_011,Think of something that irritated you.,train,1
salenatang,20260517_124640,data/personalization/salenatang/frames/20260517_124640/salenatang_angry_2_011_1779036530883.jpg,1779036530883,angry,2,angry_2_011,Think of something that irritated you.,train,1
salenatang,20260517_124640,data/personalization/salenatang/frames/20260517_124640/salenatang_angry_2_011_1779036531084.jpg,1779036531084,angry,2,angry_2_011,Think of something that irritated you.,train,1
salenatang,20260517_124640,data/personalization/salenatang/frames/20260517_124640/salenatang_angry_2_011_1779036531282.jpg,1779036531282,angry,2,angry_2_011,Think of something that irritated you.,train,1
salenatang,20260517_124640,data/personalization/salenatang/frames/20260517_124640/salenatang_angry_2_011_1779036531485.jpg,1779036531485,angry,2,angry_2_011,Think of something that irritated you.,train,1
salenatang,20260517_124640,data/personalization/salenatang/frames/20260517_124640/salenatang_angry_2_011_1779036531683.jpg,1779036531683,angry,2,angry_2_011,Think of something that irritated you.,val,1
salenatang,20260517_124640,data/personalization/salenatang/frames/20260517_124640/salenatang_angry_2_011_1779036531882.jpg,1779036531882,angry,2,angry_2_011,Think of something that irritated you.,train,1
salenatang,20260517_124640,data/personalization/salenatang/frames/20260517_124640/salenatang_angry_2_011_1779036532083.jpg,1779036532083,angry,2,angry_2_011,Think of something that irritated you.,val,1
salenatang,20260517_124640,data/personalization/salenatang/frames/20260517_124640/salenatang_angry_2_011_1779036532281.jpg,1779036532281,angry,2,angry_2_011,Think of something that irritated you.,train,1
salenatang,20260517_124640,data/personalization/salenatang/frames/20260517_124640/salenatang_angry_2_011_1779036532486.jpg,1779036532486,angry,2,angry_2_011,Think of something that irritated you.,train,1
salenatang,20260517_124640,data/personalization/salenatang/frames/20260517_124640/salenatang_angry_3_012_1779036533908.jpg,1779036533908,angry,3,angry_3_012,Think of a time something felt unfair.,train,1
salenatang,20260517_124640,data/personalization/salenatang/frames/20260517_124640/salenatang_angry_3_012_1779036534082.jpg,1779036534082,angry,3,angry_3_012,Think of a time something felt unfair.,val,1
salenatang,20260517_124640,data/personalization/salenatang/frames/20260517_124640/salenatang_angry_3_012_1779036534285.jpg,1779036534285,angry,3,angry_3_012,Think of a time something felt unfair.,train,1
salenatang,20260517_124640,data/personalization/salenatang/frames/20260517_124640/salenatang_angry_3_012_1779036534486.jpg,1779036534486,angry,3,angry_3_012,Think of a time something felt unfair.,train,1
salenatang,20260517_124640,data/personalization/salenatang/frames/20260517_124640/salenatang_angry_3_012_1779036534684.jpg,1779036534684,angry,3,angry_3_012,Think of a time something felt unfair.,train,1
salenatang,20260517_124640,data/personalization/salenatang/frames/20260517_124640/salenatang_angry_3_012_1779036534884.jpg,1779036534884,angry,3,angry_3_012,Think of a time something felt unfair.,train,1
salenatang,20260517_124640,data/personalization/salenatang/frames/20260517_124640/salenatang_angry_3_012_1779036535081.jpg,1779036535081,angry,3,angry_3_012,Think of a time something felt unfair.,train,1
salenatang,20260517_124640,data/personalization/salenatang/frames/20260517_124640/salenatang_angry_3_012_1779036535287.jpg,1779036535287,angry,3,angry_3_012,Think of a time something felt unfair.,train,1
salenatang,20260517_124640,data/personalization/salenatang/frames/20260517_124640/salenatang_angry_3_012_1779036535484.jpg,1779036535484,angry,3,angry_3_012,Think of a time something felt unfair.,train,1
salenatang,20260517_124640,data/personalization/salenatang/frames/20260517_124640/salenatang_angry_3_012_1779036535680.jpg,1779036535680,angry,3,angry_3_012,Think of a time something felt unfair.,train,1
salenatang,20260517_124640,data/personalization/salenatang/frames/20260517_124640/salenatang_angry_3_012_1779036535875.jpg,1779036535875,angry,3,angry_3_012,Think of a time something felt unfair.,train,1
salenatang,20260517_124640,data/personalization/salenatang/frames/20260517_124640/salenatang_angry_3_012_1779036536073.jpg,1779036536073,angry,3,angry_3_012,Think of a time something felt unfair.,train,1
salenatang,20260517_124640,data/personalization/salenatang/frames/20260517_124640/salenatang_angry_3_012_1779036536274.jpg,1779036536274,angry,3,angry_3_012,Think of a time something felt unfair.,val,1
salenatang,20260517_124640,data/personalization/salenatang/frames/20260517_124640/salenatang_angry_3_012_1779036536483.jpg,1779036536483,angry,3,angry_3_012,Think of a time something felt unfair.,train,1
salenatang,20260517_124640,data/personalization/salenatang/frames/20260517_124640/salenatang_angry_3_012_1779036536679.jpg,1779036536679,angry,3,angry_3_012,Think of a time something felt unfair.,train,1
salenatang,20260517_124640,data/personalization/salenatang/frames/20260517_124640/salenatang_angry_3_012_1779036536886.jpg,1779036536886,angry,3,angry_3_012,Think of a time something felt unfair.,train,1
salenatang,20260517_124640,data/personalization/salenatang/frames/20260517_124640/salenatang_angry_3_012_1779036537082.jpg,1779036537082,angry,3,angry_3_012,Think of a time something felt unfair.,val,1
salenatang,20260517_124640,data/personalization/salenatang/frames/20260517_124640/salenatang_angry_3_012_1779036537286.jpg,1779036537286,angry,3,angry_3_012,Think of a time something felt unfair.,train,1
salenatang,20260517_124640,data/personalization/salenatang/frames/20260517_124640/salenatang_angry_3_012_1779036537487.jpg,1779036537487,angry,3,angry_3_012,Think of a time something felt unfair.,train,1
salenatang,20260517_124640,data/personalization/salenatang/frames/20260517_124640/salenatang_angry_3_012_1779036537683.jpg,1779036537683,angry,3,angry_3_012,Think of a time something felt unfair.,train,1
salenatang,20260517_124640,data/personalization/salenatang/frames/20260517_124640/salenatang_angry_3_012_1779036537883.jpg,1779036537883,angry,3,angry_3_012,Think of a time something felt unfair.,train,1
salenatang,20260517_124640,data/personalization/salenatang/frames/20260517_124640/salenatang_angry_3_012_1779036538083.jpg,1779036538083,angry,3,angry_3_012,Think of a time something felt unfair.,train,1
salenatang,20260517_124640,data/personalization/salenatang/frames/20260517_124640/salenatang_angry_3_012_1779036538281.jpg,1779036538281,angry,3,angry_3_012,Think of a time something felt unfair.,val,1
salenatang,20260517_124640,data/personalization/salenatang/frames/20260517_124640/salenatang_angry_3_012_1779036538488.jpg,1779036538488,angry,3,angry_3_012,Think of a time something felt unfair.,train,1
salenatang,20260517_124640,data/personalization/salenatang/frames/20260517_124640/salenatang_angry_3_012_1779036538683.jpg,1779036538683,angry,3,angry_3_012,Think of a time something felt unfair.,train,1
salenatang,20260517_124640,data/personalization/salenatang/frames/20260517_124640/salenatang_angry_3_012_1779036538884.jpg,1779036538884,angry,3,angry_3_012,Think of a time something felt unfair.,val,1
salenatang,20260517_124640,data/personalization/salenatang/frames/20260517_124640/salenatang_angry_3_012_1779036539087.jpg,1779036539087,angry,3,angry_3_012,Think of a time something felt unfair.,train,1
salenatang,20260517_124640,data/personalization/salenatang/frames/20260517_124640/salenatang_angry_3_012_1779036539284.jpg,1779036539284,angry,3,angry_3_012,Think of a time something felt unfair.,train,1
salenatang,20260517_124640,data/personalization/salenatang/frames/20260517_124640/salenatang_angry_3_012_1779036539485.jpg,1779036539485,angry,3,angry_3_012,Think of a time something felt unfair.,train,1
salenatang,20260517_124640,data/personalization/salenatang/frames/20260517_124640/salenatang_angry_3_012_1779036539683.jpg,1779036539683,angry,3,angry_3_012,Think of a time something felt unfair.,train,1
salenatang,20260517_124640,data/personalization/salenatang/frames/20260517_124640/salenatang_angry_3_012_1779036539884.jpg,1779036539884,angry,3,angry_3_012,Think of a time something felt unfair.,val,1
salenatang,20260517_124640,data/personalization/salenatang/frames/20260517_124640/salenatang_angry_4_013_1779036541208.jpg,1779036541208,angry,4,angry_4_013,Show a strong angry expression.,train,1
salenatang,20260517_124640,data/personalization/salenatang/frames/20260517_124640/salenatang_angry_4_013_1779036541374.jpg,1779036541374,angry,4,angry_4_013,Show a strong angry expression.,train,1
salenatang,20260517_124640,data/personalization/salenatang/frames/20260517_124640/salenatang_angry_4_013_1779036541575.jpg,1779036541575,angry,4,angry_4_013,Show a strong angry expression.,train,1
salenatang,20260517_124640,data/personalization/salenatang/frames/20260517_124640/salenatang_angry_4_013_1779036541786.jpg,1779036541786,angry,4,angry_4_013,Show a strong angry expression.,train,1
salenatang,20260517_124640,data/personalization/salenatang/frames/20260517_124640/salenatang_angry_4_013_1779036541984.jpg,1779036541984,angry,4,angry_4_013,Show a strong angry expression.,val,1
salenatang,20260517_124640,data/personalization/salenatang/frames/20260517_124640/salenatang_angry_4_013_1779036542183.jpg,1779036542183,angry,4,angry_4_013,Show a strong angry expression.,val,1
salenatang,20260517_124640,data/personalization/salenatang/frames/20260517_124640/salenatang_angry_4_013_1779036542385.jpg,1779036542385,angry,4,angry_4_013,Show a strong angry expression.,val,1
salenatang,20260517_124640,data/personalization/salenatang/frames/20260517_124640/salenatang_angry_4_013_1779036542585.jpg,1779036542585,angry,4,angry_4_013,Show a strong angry expression.,train,1
salenatang,20260517_124640,data/personalization/salenatang/frames/20260517_124640/salenatang_angry_4_013_1779036542784.jpg,1779036542784,angry,4,angry_4_013,Show a strong angry expression.,val,1
salenatang,20260517_124640,data/personalization/salenatang/frames/20260517_124640/salenatang_angry_4_013_1779036542986.jpg,1779036542986,angry,4,angry_4_013,Show a strong angry expression.,train,1
salenatang,20260517_124640,data/personalization/salenatang/frames/20260517_124640/salenatang_angry_4_013_1779036543185.jpg,1779036543185,angry,4,angry_4_013,Show a strong angry expression.,train,1
salenatang,20260517_124640,data/personalization/salenatang/frames/20260517_124640/salenatang_angry_4_013_1779036543389.jpg,1779036543389,angry,4,angry_4_013,Show a strong angry expression.,train,1
salenatang,20260517_124640,data/personalization/salenatang/frames/20260517_124640/salenatang_angry_4_013_1779036543583.jpg,1779036543583,angry,4,angry_4_013,Show a strong angry expression.,train,1
salenatang,20260517_124640,data/personalization/salenatang/frames/20260517_124640/salenatang_angry_4_013_1779036543782.jpg,1779036543782,angry,4,angry_4_013,Show a strong angry expression.,train,1
salenatang,20260517_124640,data/personalization/salenatang/frames/20260517_124640/salenatang_angry_4_013_1779036543984.jpg,1779036543984,angry,4,angry_4_013,Show a strong angry expression.,train,1
salenatang,20260517_124640,data/personalization/salenatang/frames/20260517_124640/salenatang_angry_4_013_1779036544185.jpg,1779036544185,angry,4,angry_4_013,Show a strong angry expression.,train,1
salenatang,20260517_124640,data/personalization/salenatang/frames/20260517_124640/salenatang_angry_4_013_1779036544379.jpg,1779036544379,angry,4,angry_4_013,Show a strong angry expression.,train,1
salenatang,20260517_124640,data/personalization/salenatang/frames/20260517_124640/salenatang_angry_4_013_1779036544573.jpg,1779036544573,angry,4,angry_4_013,Show a strong angry expression.,train,1
salenatang,20260517_124640,data/personalization/salenatang/frames/20260517_124640/salenatang_angry_4_013_1779036544774.jpg,1779036544774,angry,4,angry_4_013,Show a strong angry expression.,train,1
salenatang,20260517_124640,data/personalization/salenatang/frames/20260517_124640/salenatang_angry_4_013_1779036544973.jpg,1779036544973,angry,4,angry_4_013,Show a strong angry expression.,train,1
salenatang,20260517_124640,data/personalization/salenatang/frames/20260517_124640/salenatang_angry_4_013_1779036545183.jpg,1779036545183,angry,4,angry_4_013,Show a strong angry expression.,train,1
salenatang,20260517_124640,data/personalization/salenatang/frames/20260517_124640/salenatang_angry_4_013_1779036545387.jpg,1779036545387,angry,4,angry_4_013,Show a strong angry expression.,val,1
salenatang,20260517_124640,data/personalization/salenatang/frames/20260517_124640/salenatang_angry_4_013_1779036545574.jpg,1779036545574,angry,4,angry_4_013,Show a strong angry expression.,train,1
salenatang,20260517_124640,data/personalization/salenatang/frames/20260517_124640/salenatang_angry_4_013_1779036545775.jpg,1779036545775,angry,4,angry_4_013,Show a strong angry expression.,train,1
salenatang,20260517_124640,data/personalization/salenatang/frames/20260517_124640/salenatang_angry_4_013_1779036545980.jpg,1779036545980,angry,4,angry_4_013,Show a strong angry expression.,train,1
salenatang,20260517_124640,data/personalization/salenatang/frames/20260517_124640/salenatang_angry_4_013_1779036546185.jpg,1779036546185,angry,4,angry_4_013,Show a strong angry expression.,train,1
salenatang,20260517_124640,data/personalization/salenatang/frames/20260517_124640/salenatang_angry_4_013_1779036546389.jpg,1779036546389,angry,4,angry_4_013,Show a strong angry expression.,val,1
salenatang,20260517_124640,data/personalization/salenatang/frames/20260517_124640/salenatang_angry_4_013_1779036546582.jpg,1779036546582,angry,4,angry_4_013,Show a strong angry expression.,train,1
salenatang,20260517_124640,data/personalization/salenatang/frames/20260517_124640/salenatang_angry_4_013_1779036546782.jpg,1779036546782,angry,4,angry_4_013,Show a strong angry expression.,train,1
salenatang,20260517_124640,data/personalization/salenatang/frames/20260517_124640/salenatang_angry_4_013_1779036546984.jpg,1779036546984,angry,4,angry_4_013,Show a strong angry expression.,train,1
salenatang,20260517_124640,data/personalization/salenatang/frames/20260517_124640/salenatang_angry_4_013_1779036547185.jpg,1779036547185,angry,4,angry_4_013,Show a strong angry expression.,train,1
salenatang,20260517_124640,data/personalization/salenatang/frames/20260517_124640/salenatang_angry_5_014_1779036548318.jpg,1779036548318,angry,5,angry_5_014,Show your most intense angry expression you can safely make.,val,1
salenatang,20260517_124640,data/personalization/salenatang/frames/20260517_124640/salenatang_angry_5_014_1779036548489.jpg,1779036548489,angry,5,angry_5_014,Show your most intense angry expression you can safely make.,val,1
salenatang,20260517_124640,data/personalization/salenatang/frames/20260517_124640/salenatang_angry_5_014_1779036548680.jpg,1779036548680,angry,5,angry_5_014,Show your most intense angry expression you can safely make.,train,1
salenatang,20260517_124640,data/personalization/salenatang/frames/20260517_124640/salenatang_angry_5_014_1779036548884.jpg,1779036548884,angry,5,angry_5_014,Show your most intense angry expression you can safely make.,train,1
salenatang,20260517_124640,data/personalization/salenatang/frames/20260517_124640/salenatang_angry_5_014_1779036549085.jpg,1779036549085,angry,5,angry_5_014,Show your most intense angry expression you can safely make.,val,1
salenatang,20260517_124640,data/personalization/salenatang/frames/20260517_124640/salenatang_angry_5_014_1779036549284.jpg,1779036549284,angry,5,angry_5_014,Show your most intense angry expression you can safely make.,train,1
salenatang,20260517_124640,data/personalization/salenatang/frames/20260517_124640/salenatang_angry_5_014_1779036549484.jpg,1779036549484,angry,5,angry_5_014,Show your most intense angry expression you can safely make.,train,1
salenatang,20260517_124640,data/personalization/salenatang/frames/20260517_124640/salenatang_angry_5_014_1779036549682.jpg,1779036549682,angry,5,angry_5_014,Show your most intense angry expression you can safely make.,val,1
salenatang,20260517_124640,data/personalization/salenatang/frames/20260517_124640/salenatang_angry_5_014_1779036549887.jpg,1779036549887,angry,5,angry_5_014,Show your most intense angry expression you can safely make.,train,1
salenatang,20260517_124640,data/personalization/salenatang/frames/20260517_124640/salenatang_angry_5_014_1779036550087.jpg,1779036550087,angry,5,angry_5_014,Show your most intense angry expression you can safely make.,train,1
salenatang,20260517_124640,data/personalization/salenatang/frames/20260517_124640/salenatang_angry_5_014_1779036550286.jpg,1779036550286,angry,5,angry_5_014,Show your most intense angry expression you can safely make.,train,1
salenatang,20260517_124640,data/personalization/salenatang/frames/20260517_124640/salenatang_angry_5_014_1779036550489.jpg,1779036550489,angry,5,angry_5_014,Show your most intense angry expression you can safely make.,train,1
salenatang,20260517_124640,data/personalization/salenatang/frames/20260517_124640/salenatang_angry_5_014_1779036550681.jpg,1779036550681,angry,5,angry_5_014,Show your most intense angry expression you can safely make.,train,1
salenatang,20260517_124640,data/personalization/salenatang/frames/20260517_124640/salenatang_angry_5_014_1779036550876.jpg,1779036550876,angry,5,angry_5_014,Show your most intense angry expression you can safely make.,train,1
salenatang,20260517_124640,data/personalization/salenatang/frames/20260517_124640/salenatang_angry_5_014_1779036551078.jpg,1779036551078,angry,5,angry_5_014,Show your most intense angry expression you can safely make.,train,1
salenatang,20260517_124640,data/personalization/salenatang/frames/20260517_124640/salenatang_angry_5_014_1779036551288.jpg,1779036551288,angry,5,angry_5_014,Show your most intense angry expression you can safely make.,train,1
salenatang,20260517_124640,data/personalization/salenatang/frames/20260517_124640/salenatang_angry_5_014_1779036551489.jpg,1779036551489,angry,5,angry_5_014,Show your most intense angry expression you can safely make.,train,1
salenatang,20260517_124640,data/personalization/salenatang/frames/20260517_124640/salenatang_angry_5_014_1779036551685.jpg,1779036551685,angry,5,angry_5_014,Show your most intense angry expression you can safely make.,train,1
salenatang,20260517_124640,data/personalization/salenatang/frames/20260517_124640/salenatang_angry_5_014_1779036551887.jpg,1779036551887,angry,5,angry_5_014,Show your most intense angry expression you can safely make.,train,1
salenatang,20260517_124640,data/personalization/salenatang/frames/20260517_124640/salenatang_angry_5_014_1779036552084.jpg,1779036552084,angry,5,angry_5_014,Show your most intense angry expression you can safely make.,train,1
salenatang,20260517_124640,data/personalization/salenatang/frames/20260517_124640/salenatang_angry_5_014_1779036552283.jpg,1779036552283,angry,5,angry_5_014,Show your most intense angry expression you can safely make.,train,1
salenatang,20260517_124640,data/personalization/salenatang/frames/20260517_124640/salenatang_angry_5_014_1779036552476.jpg,1779036552476,angry,5,angry_5_014,Show your most intense angry expression you can safely make.,val,1
salenatang,20260517_124640,data/personalization/salenatang/frames/20260517_124640/salenatang_angry_5_014_1779036552675.jpg,1779036552675,angry,5,angry_5_014,Show your most intense angry expression you can safely make.,train,1
salenatang,20260517_124640,data/personalization/salenatang/frames/20260517_124640/salenatang_angry_5_014_1779036552885.jpg,1779036552885,angry,5,angry_5_014,Show your most intense angry expression you can safely make.,train,1
salenatang,20260517_124640,data/personalization/salenatang/frames/20260517_124640/salenatang_angry_5_014_1779036553089.jpg,1779036553089,angry,5,angry_5_014,Show your most intense angry expression you can safely make.,train,1
salenatang,20260517_124640,data/personalization/salenatang/frames/20260517_124640/salenatang_angry_5_014_1779036553287.jpg,1779036553287,angry,5,angry_5_014,Show your most intense angry expression you can safely make.,train,1
salenatang,20260517_124640,data/personalization/salenatang/frames/20260517_124640/salenatang_angry_5_014_1779036553477.jpg,1779036553477,angry,5,angry_5_014,Show your most intense angry expression you can safely make.,train,1
salenatang,20260517_124640,data/personalization/salenatang/frames/20260517_124640/salenatang_angry_5_014_1779036553676.jpg,1779036553676,angry,5,angry_5_014,Show your most intense angry expression you can safely make.,train,1
salenatang,20260517_124640,data/personalization/salenatang/frames/20260517_124640/salenatang_angry_5_014_1779036553884.jpg,1779036553884,angry,5,angry_5_014,Show your most intense angry expression you can safely make.,train,1
salenatang,20260517_124640,data/personalization/salenatang/frames/20260517_124640/salenatang_angry_5_014_1779036554085.jpg,1779036554085,angry,5,angry_5_014,Show your most intense angry expression you can safely make.,val,1
salenatang,20260517_124640,data/personalization/salenatang/frames/20260517_124640/salenatang_angry_5_014_1779036554285.jpg,1779036554285,angry,5,angry_5_014,Show your most intense angry expression you can safely make.,train,1
salenatang,20260517_124640,data/personalization/salenatang/frames/20260517_124640/salenatang_surprised_1_015_1779036555644.jpg,1779036555644,surprised,1,surprised_1_015,"Show slight surprise, like hearing a small unexpected detail.",train,1
salenatang,20260517_124640,data/personalization/salenatang/frames/20260517_124640/salenatang_surprised_1_015_1779036555809.jpg,1779036555809,surprised,1,surprised_1_015,"Show slight surprise, like hearing a small unexpected detail.",val,1
salenatang,20260517_124640,data/personalization/salenatang/frames/20260517_124640/salenatang_surprised_1_015_1779036556010.jpg,1779036556010,surprised,1,surprised_1_015,"Show slight surprise, like hearing a small unexpected detail.",train,1
salenatang,20260517_124640,data/personalization/salenatang/frames/20260517_124640/salenatang_surprised_1_015_1779036556208.jpg,1779036556208,surprised,1,surprised_1_015,"Show slight surprise, like hearing a small unexpected detail.",train,1
salenatang,20260517_124640,data/personalization/salenatang/frames/20260517_124640/salenatang_surprised_1_015_1779036556421.jpg,1779036556421,surprised,1,surprised_1_015,"Show slight surprise, like hearing a small unexpected detail.",train,1
salenatang,20260517_124640,data/personalization/salenatang/frames/20260517_124640/salenatang_surprised_1_015_1779036556618.jpg,1779036556618,surprised,1,surprised_1_015,"Show slight surprise, like hearing a small unexpected detail.",train,1
salenatang,20260517_124640,data/personalization/salenatang/frames/20260517_124640/salenatang_surprised_1_015_1779036556819.jpg,1779036556819,surprised,1,surprised_1_015,"Show slight surprise, like hearing a small unexpected detail.",train,1
salenatang,20260517_124640,data/personalization/salenatang/frames/20260517_124640/salenatang_surprised_1_015_1779036557017.jpg,1779036557017,surprised,1,surprised_1_015,"Show slight surprise, like hearing a small unexpected detail.",train,1
salenatang,20260517_124640,data/personalization/salenatang/frames/20260517_124640/salenatang_surprised_1_015_1779036557220.jpg,1779036557220,surprised,1,surprised_1_015,"Show slight surprise, like hearing a small unexpected detail.",val,1
salenatang,20260517_124640,data/personalization/salenatang/frames/20260517_124640/salenatang_surprised_1_015_1779036557420.jpg,1779036557420,surprised,1,surprised_1_015,"Show slight surprise, like hearing a small unexpected detail.",val,1
salenatang,20260517_124640,data/personalization/salenatang/frames/20260517_124640/salenatang_surprised_1_015_1779036557617.jpg,1779036557617,surprised,1,surprised_1_015,"Show slight surprise, like hearing a small unexpected detail.",val,1
salenatang,20260517_124640,data/personalization/salenatang/frames/20260517_124640/salenatang_surprised_1_015_1779036557818.jpg,1779036557818,surprised,1,surprised_1_015,"Show slight surprise, like hearing a small unexpected detail.",train,1
salenatang,20260517_124640,data/personalization/salenatang/frames/20260517_124640/salenatang_surprised_1_015_1779036558021.jpg,1779036558021,surprised,1,surprised_1_015,"Show slight surprise, like hearing a small unexpected detail.",train,1
salenatang,20260517_124640,data/personalization/salenatang/frames/20260517_124640/salenatang_surprised_1_015_1779036558210.jpg,1779036558210,surprised,1,surprised_1_015,"Show slight surprise, like hearing a small unexpected detail.",train,1
salenatang,20260517_124640,data/personalization/salenatang/frames/20260517_124640/salenatang_surprised_1_015_1779036558409.jpg,1779036558409,surprised,1,surprised_1_015,"Show slight surprise, like hearing a small unexpected detail.",train,1
salenatang,20260517_124640,data/personalization/salenatang/frames/20260517_124640/salenatang_surprised_1_015_1779036558610.jpg,1779036558610,surprised,1,surprised_1_015,"Show slight surprise, like hearing a small unexpected detail.",train,1
salenatang,20260517_124640,data/personalization/salenatang/frames/20260517_124640/salenatang_surprised_1_015_1779036558822.jpg,1779036558822,surprised,1,surprised_1_015,"Show slight surprise, like hearing a small unexpected detail.",train,1
salenatang,20260517_124640,data/personalization/salenatang/frames/20260517_124640/salenatang_surprised_1_015_1779036559018.jpg,1779036559018,surprised,1,surprised_1_015,"Show slight surprise, like hearing a small unexpected detail.",train,1
salenatang,20260517_124640,data/personalization/salenatang/frames/20260517_124640/salenatang_surprised_1_015_1779036559219.jpg,1779036559219,surprised,1,surprised_1_015,"Show slight surprise, like hearing a small unexpected detail.",train,1
salenatang,20260517_124640,data/personalization/salenatang/frames/20260517_124640/salenatang_surprised_1_015_1779036559419.jpg,1779036559419,surprised,1,surprised_1_015,"Show slight surprise, like hearing a small unexpected detail.",train,1
salenatang,20260517_124640,data/personalization/salenatang/frames/20260517_124640/salenatang_surprised_1_015_1779036559617.jpg,1779036559617,surprised,1,surprised_1_015,"Show slight surprise, like hearing a small unexpected detail.",train,1
salenatang,20260517_124640,data/personalization/salenatang/frames/20260517_124640/salenatang_surprised_1_015_1779036559822.jpg,1779036559822,surprised,1,surprised_1_015,"Show slight surprise, like hearing a small unexpected detail.",train,1
salenatang,20260517_124640,data/personalization/salenatang/frames/20260517_124640/salenatang_surprised_1_015_1779036560021.jpg,1779036560021,surprised,1,surprised_1_015,"Show slight surprise, like hearing a small unexpected detail.",train,1
salenatang,20260517_124640,data/personalization/salenatang/frames/20260517_124640/salenatang_surprised_1_015_1779036560220.jpg,1779036560220,surprised,1,surprised_1_015,"Show slight surprise, like hearing a small unexpected detail.",train,1
salenatang,20260517_124640,data/personalization/salenatang/frames/20260517_124640/salenatang_surprised_1_015_1779036560424.jpg,1779036560424,surprised,1,surprised_1_015,"Show slight surprise, like hearing a small unexpected detail.",train,1
salenatang,20260517_124640,data/personalization/salenatang/frames/20260517_124640/salenatang_surprised_1_015_1779036560620.jpg,1779036560620,surprised,1,surprised_1_015,"Show slight surprise, like hearing a small unexpected detail.",train,1
salenatang,20260517_124640,data/personalization/salenatang/frames/20260517_124640/salenatang_surprised_1_015_1779036560822.jpg,1779036560822,surprised,1,surprised_1_015,"Show slight surprise, like hearing a small unexpected detail.",train,1
salenatang,20260517_124640,data/personalization/salenatang/frames/20260517_124640/salenatang_surprised_1_015_1779036561021.jpg,1779036561021,surprised,1,surprised_1_015,"Show slight surprise, like hearing a small unexpected detail.",train,1
salenatang,20260517_124640,data/personalization/salenatang/frames/20260517_124640/salenatang_surprised_1_015_1779036561221.jpg,1779036561221,surprised,1,surprised_1_015,"Show slight surprise, like hearing a small unexpected detail.",val,1
salenatang,20260517_124640,data/personalization/salenatang/frames/20260517_124640/salenatang_surprised_1_015_1779036561425.jpg,1779036561425,surprised,1,surprised_1_015,"Show slight surprise, like hearing a small unexpected detail.",train,1
salenatang,20260517_124640,data/personalization/salenatang/frames/20260517_124640/salenatang_surprised_1_015_1779036561613.jpg,1779036561613,surprised,1,surprised_1_015,"Show slight surprise, like hearing a small unexpected detail.",val,1
salenatang,20260517_124640,data/personalization/salenatang/frames/20260517_124640/salenatang_surprised_2_016_1779036563355.jpg,1779036563355,surprised,2,surprised_2_016,Show a mild surprised expression.,train,1
salenatang,20260517_124640,data/personalization/salenatang/frames/20260517_124640/salenatang_surprised_2_016_1779036563523.jpg,1779036563523,surprised,2,surprised_2_016,Show a mild surprised expression.,train,1
salenatang,20260517_124640,data/personalization/salenatang/frames/20260517_124640/salenatang_surprised_2_016_1779036563720.jpg,1779036563720,surprised,2,surprised_2_016,Show a mild surprised expression.,train,1
salenatang,20260517_124640,data/personalization/salenatang/frames/20260517_124640/salenatang_surprised_2_016_1779036563919.jpg,1779036563919,surprised,2,surprised_2_016,Show a mild surprised expression.,train,1
salenatang,20260517_124640,data/personalization/salenatang/frames/20260517_124640/salenatang_surprised_2_016_1779036564110.jpg,1779036564110,surprised,2,surprised_2_016,Show a mild surprised expression.,train,1
salenatang,20260517_124640,data/personalization/salenatang/frames/20260517_124640/salenatang_surprised_2_016_1779036564313.jpg,1779036564313,surprised,2,surprised_2_016,Show a mild surprised expression.,train,1
salenatang,20260517_124640,data/personalization/salenatang/frames/20260517_124640/salenatang_surprised_2_016_1779036564523.jpg,1779036564523,surprised,2,surprised_2_016,Show a mild surprised expression.,val,1
salenatang,20260517_124640,data/personalization/salenatang/frames/20260517_124640/salenatang_surprised_2_016_1779036564723.jpg,1779036564723,surprised,2,surprised_2_016,Show a mild surprised expression.,train,1
salenatang,20260517_124640,data/personalization/salenatang/frames/20260517_124640/salenatang_surprised_2_016_1779036564921.jpg,1779036564921,surprised,2,surprised_2_016,Show a mild surprised expression.,train,1
salenatang,20260517_124640,data/personalization/salenatang/frames/20260517_124640/salenatang_surprised_2_016_1779036565110.jpg,1779036565110,surprised,2,surprised_2_016,Show a mild surprised expression.,train,1
salenatang,20260517_124640,data/personalization/salenatang/frames/20260517_124640/salenatang_surprised_2_016_1779036565310.jpg,1779036565310,surprised,2,surprised_2_016,Show a mild surprised expression.,train,1
salenatang,20260517_124640,data/personalization/salenatang/frames/20260517_124640/salenatang_surprised_2_016_1779036565510.jpg,1779036565510,surprised,2,surprised_2_016,Show a mild surprised expression.,train,1
salenatang,20260517_124640,data/personalization/salenatang/frames/20260517_124640/salenatang_surprised_2_016_1779036565721.jpg,1779036565721,surprised,2,surprised_2_016,Show a mild surprised expression.,val,1
salenatang,20260517_124640,data/personalization/salenatang/frames/20260517_124640/salenatang_surprised_2_016_1779036565919.jpg,1779036565919,surprised,2,surprised_2_016,Show a mild surprised expression.,train,1
salenatang,20260517_124640,data/personalization/salenatang/frames/20260517_124640/salenatang_surprised_2_016_1779036566123.jpg,1779036566123,surprised,2,surprised_2_016,Show a mild surprised expression.,train,1
salenatang,20260517_124640,data/personalization/salenatang/frames/20260517_124640/salenatang_surprised_2_016_1779036566323.jpg,1779036566323,surprised,2,surprised_2_016,Show a mild surprised expression.,train,1
salenatang,20260517_124640,data/personalization/salenatang/frames/20260517_124640/salenatang_surprised_2_016_1779036566518.jpg,1779036566518,surprised,2,surprised_2_016,Show a mild surprised expression.,train,1
salenatang,20260517_124640,data/personalization/salenatang/frames/20260517_124640/salenatang_surprised_2_016_1779036566719.jpg,1779036566719,surprised,2,surprised_2_016,Show a mild surprised expression.,val,1
salenatang,20260517_124640,data/personalization/salenatang/frames/20260517_124640/salenatang_surprised_2_016_1779036566923.jpg,1779036566923,surprised,2,surprised_2_016,Show a mild surprised expression.,val,1
salenatang,20260517_124640,data/personalization/salenatang/frames/20260517_124640/salenatang_surprised_2_016_1779036567119.jpg,1779036567119,surprised,2,surprised_2_016,Show a mild surprised expression.,train,1
salenatang,20260517_124640,data/personalization/salenatang/frames/20260517_124640/salenatang_surprised_2_016_1779036567318.jpg,1779036567318,surprised,2,surprised_2_016,Show a mild surprised expression.,train,1
salenatang,20260517_124640,data/personalization/salenatang/frames/20260517_124640/salenatang_surprised_2_016_1779036567524.jpg,1779036567524,surprised,2,surprised_2_016,Show a mild surprised expression.,train,1
salenatang,20260517_124640,data/personalization/salenatang/frames/20260517_124640/salenatang_surprised_2_016_1779036567720.jpg,1779036567720,surprised,2,surprised_2_016,Show a mild surprised expression.,val,1
salenatang,20260517_124640,data/personalization/salenatang/frames/20260517_124640/salenatang_surprised_2_016_1779036567920.jpg,1779036567920,surprised,2,surprised_2_016,Show a mild surprised expression.,train,1
salenatang,20260517_124640,data/personalization/salenatang/frames/20260517_124640/salenatang_surprised_2_016_1779036568122.jpg,1779036568122,surprised,2,surprised_2_016,Show a mild surprised expression.,train,1
salenatang,20260517_124640,data/personalization/salenatang/frames/20260517_124640/salenatang_surprised_2_016_1779036568320.jpg,1779036568320,surprised,2,surprised_2_016,Show a mild surprised expression.,train,1
salenatang,20260517_124640,data/personalization/salenatang/frames/20260517_124640/salenatang_surprised_2_016_1779036568522.jpg,1779036568522,surprised,2,surprised_2_016,Show a mild surprised expression.,train,1
salenatang,20260517_124640,data/personalization/salenatang/frames/20260517_124640/salenatang_surprised_2_016_1779036568720.jpg,1779036568720,surprised,2,surprised_2_016,Show a mild surprised expression.,train,1
salenatang,20260517_124640,data/personalization/salenatang/frames/20260517_124640/salenatang_surprised_2_016_1779036568922.jpg,1779036568922,surprised,2,surprised_2_016,Show a mild surprised expression.,val,1
salenatang,20260517_124640,data/personalization/salenatang/frames/20260517_124640/salenatang_surprised_2_016_1779036569121.jpg,1779036569121,surprised,2,surprised_2_016,Show a mild surprised expression.,train,1
salenatang,20260517_124640,data/personalization/salenatang/frames/20260517_124640/salenatang_surprised_2_016_1779036569320.jpg,1779036569320,surprised,2,surprised_2_016,Show a mild surprised expression.,train,1
salenatang,20260517_124640,data/personalization/salenatang/frames/20260517_124640/salenatang_surprised_3_017_1779036571355.jpg,1779036571355,surprised,3,surprised_3_017,Show clear surprise as if something unexpected happened.,train,1
salenatang,20260517_124640,data/personalization/salenatang/frames/20260517_124640/salenatang_surprised_3_017_1779036571519.jpg,1779036571519,surprised,3,surprised_3_017,Show clear surprise as if something unexpected happened.,train,1
salenatang,20260517_124640,data/personalization/salenatang/frames/20260517_124640/salenatang_surprised_3_017_1779036571722.jpg,1779036571722,surprised,3,surprised_3_017,Show clear surprise as if something unexpected happened.,train,1
salenatang,20260517_124640,data/personalization/salenatang/frames/20260517_124640/salenatang_surprised_3_017_1779036571921.jpg,1779036571921,surprised,3,surprised_3_017,Show clear surprise as if something unexpected happened.,val,1
salenatang,20260517_124640,data/personalization/salenatang/frames/20260517_124640/salenatang_surprised_3_017_1779036572122.jpg,1779036572122,surprised,3,surprised_3_017,Show clear surprise as if something unexpected happened.,val,1
salenatang,20260517_124640,data/personalization/salenatang/frames/20260517_124640/salenatang_surprised_3_017_1779036572320.jpg,1779036572320,surprised,3,surprised_3_017,Show clear surprise as if something unexpected happened.,val,1
salenatang,20260517_124640,data/personalization/salenatang/frames/20260517_124640/salenatang_surprised_3_017_1779036572524.jpg,1779036572524,surprised,3,surprised_3_017,Show clear surprise as if something unexpected happened.,train,1
salenatang,20260517_124640,data/personalization/salenatang/frames/20260517_124640/salenatang_surprised_3_017_1779036572728.jpg,1779036572728,surprised,3,surprised_3_017,Show clear surprise as if something unexpected happened.,train,1
salenatang,20260517_124640,data/personalization/salenatang/frames/20260517_124640/salenatang_surprised_3_017_1779036572919.jpg,1779036572919,surprised,3,surprised_3_017,Show clear surprise as if something unexpected happened.,train,1
salenatang,20260517_124640,data/personalization/salenatang/frames/20260517_124640/salenatang_surprised_3_017_1779036573122.jpg,1779036573122,surprised,3,surprised_3_017,Show clear surprise as if something unexpected happened.,train,1
salenatang,20260517_124640,data/personalization/salenatang/frames/20260517_124640/salenatang_surprised_3_017_1779036573321.jpg,1779036573321,surprised,3,surprised_3_017,Show clear surprise as if something unexpected happened.,train,1
salenatang,20260517_124640,data/personalization/salenatang/frames/20260517_124640/salenatang_surprised_3_017_1779036573523.jpg,1779036573523,surprised,3,surprised_3_017,Show clear surprise as if something unexpected happened.,val,1
salenatang,20260517_124640,data/personalization/salenatang/frames/20260517_124640/salenatang_surprised_3_017_1779036573721.jpg,1779036573721,surprised,3,surprised_3_017,Show clear surprise as if something unexpected happened.,train,1
salenatang,20260517_124640,data/personalization/salenatang/frames/20260517_124640/salenatang_surprised_3_017_1779036573923.jpg,1779036573923,surprised,3,surprised_3_017,Show clear surprise as if something unexpected happened.,train,1
salenatang,20260517_124640,data/personalization/salenatang/frames/20260517_124640/salenatang_surprised_3_017_1779036574127.jpg,1779036574127,surprised,3,surprised_3_017,Show clear surprise as if something unexpected happened.,train,1
salenatang,20260517_124640,data/personalization/salenatang/frames/20260517_124640/salenatang_surprised_3_017_1779036574322.jpg,1779036574322,surprised,3,surprised_3_017,Show clear surprise as if something unexpected happened.,train,1
salenatang,20260517_124640,data/personalization/salenatang/frames/20260517_124640/salenatang_surprised_3_017_1779036574525.jpg,1779036574525,surprised,3,surprised_3_017,Show clear surprise as if something unexpected happened.,train,1
salenatang,20260517_124640,data/personalization/salenatang/frames/20260517_124640/salenatang_surprised_3_017_1779036574719.jpg,1779036574719,surprised,3,surprised_3_017,Show clear surprise as if something unexpected happened.,train,1
salenatang,20260517_124640,data/personalization/salenatang/frames/20260517_124640/salenatang_surprised_3_017_1779036574923.jpg,1779036574923,surprised,3,surprised_3_017,Show clear surprise as if something unexpected happened.,train,1
salenatang,20260517_124640,data/personalization/salenatang/frames/20260517_124640/salenatang_surprised_3_017_1779036575123.jpg,1779036575123,surprised,3,surprised_3_017,Show clear surprise as if something unexpected happened.,val,1
salenatang,20260517_124640,data/personalization/salenatang/frames/20260517_124640/salenatang_surprised_3_017_1779036575326.jpg,1779036575326,surprised,3,surprised_3_017,Show clear surprise as if something unexpected happened.,train,1
salenatang,20260517_124640,data/personalization/salenatang/frames/20260517_124640/salenatang_surprised_3_017_1779036575525.jpg,1779036575525,surprised,3,surprised_3_017,Show clear surprise as if something unexpected happened.,train,1
salenatang,20260517_124640,data/personalization/salenatang/frames/20260517_124640/salenatang_surprised_3_017_1779036575722.jpg,1779036575722,surprised,3,surprised_3_017,Show clear surprise as if something unexpected happened.,train,1
salenatang,20260517_124640,data/personalization/salenatang/frames/20260517_124640/salenatang_surprised_3_017_1779036575924.jpg,1779036575924,surprised,3,surprised_3_017,Show clear surprise as if something unexpected happened.,train,1
salenatang,20260517_124640,data/personalization/salenatang/frames/20260517_124640/salenatang_surprised_3_017_1779036576121.jpg,1779036576121,surprised,3,surprised_3_017,Show clear surprise as if something unexpected happened.,train,1
salenatang,20260517_124640,data/personalization/salenatang/frames/20260517_124640/salenatang_surprised_3_017_1779036576322.jpg,1779036576322,surprised,3,surprised_3_017,Show clear surprise as if something unexpected happened.,train,1
salenatang,20260517_124640,data/personalization/salenatang/frames/20260517_124640/salenatang_surprised_3_017_1779036576528.jpg,1779036576528,surprised,3,surprised_3_017,Show clear surprise as if something unexpected happened.,train,1
salenatang,20260517_124640,data/personalization/salenatang/frames/20260517_124640/salenatang_surprised_3_017_1779036576724.jpg,1779036576724,surprised,3,surprised_3_017,Show clear surprise as if something unexpected happened.,train,1
salenatang,20260517_124640,data/personalization/salenatang/frames/20260517_124640/salenatang_surprised_3_017_1779036576924.jpg,1779036576924,surprised,3,surprised_3_017,Show clear surprise as if something unexpected happened.,train,1
salenatang,20260517_124640,data/personalization/salenatang/frames/20260517_124640/salenatang_surprised_3_017_1779036577124.jpg,1779036577124,surprised,3,surprised_3_017,Show clear surprise as if something unexpected happened.,train,1
salenatang,20260517_124640,data/personalization/salenatang/frames/20260517_124640/salenatang_surprised_3_017_1779036577322.jpg,1779036577322,surprised,3,surprised_3_017,Show clear surprise as if something unexpected happened.,val,1
salenatang,20260517_124640,data/personalization/salenatang/frames/20260517_124640/salenatang_surprised_4_018_1779036578312.jpg,1779036578312,surprised,4,surprised_4_018,Show strong surprise with wide eyes and raised brows.,train,1
salenatang,20260517_124640,data/personalization/salenatang/frames/20260517_124640/salenatang_surprised_4_018_1779036578491.jpg,1779036578491,surprised,4,surprised_4_018,Show strong surprise with wide eyes and raised brows.,train,1
salenatang,20260517_124640,data/personalization/salenatang/frames/20260517_124640/salenatang_surprised_4_018_1779036578690.jpg,1779036578690,surprised,4,surprised_4_018,Show strong surprise with wide eyes and raised brows.,val,1
salenatang,20260517_124640,data/personalization/salenatang/frames/20260517_124640/salenatang_surprised_4_018_1779036578893.jpg,1779036578893,surprised,4,surprised_4_018,Show strong surprise with wide eyes and raised brows.,train,1
salenatang,20260517_124640,data/personalization/salenatang/frames/20260517_124640/salenatang_surprised_4_018_1779036579091.jpg,1779036579091,surprised,4,surprised_4_018,Show strong surprise with wide eyes and raised brows.,val,1
salenatang,20260517_124640,data/personalization/salenatang/frames/20260517_124640/salenatang_surprised_4_018_1779036579288.jpg,1779036579288,surprised,4,surprised_4_018,Show strong surprise with wide eyes and raised brows.,train,1
salenatang,20260517_124640,data/personalization/salenatang/frames/20260517_124640/salenatang_surprised_4_018_1779036579491.jpg,1779036579491,surprised,4,surprised_4_018,Show strong surprise with wide eyes and raised brows.,train,1
salenatang,20260517_124640,data/personalization/salenatang/frames/20260517_124640/salenatang_surprised_4_018_1779036579689.jpg,1779036579689,surprised,4,surprised_4_018,Show strong surprise with wide eyes and raised brows.,val,1
salenatang,20260517_124640,data/personalization/salenatang/frames/20260517_124640/salenatang_surprised_4_018_1779036579889.jpg,1779036579889,surprised,4,surprised_4_018,Show strong surprise with wide eyes and raised brows.,train,1
salenatang,20260517_124640,data/personalization/salenatang/frames/20260517_124640/salenatang_surprised_4_018_1779036580091.jpg,1779036580091,surprised,4,surprised_4_018,Show strong surprise with wide eyes and raised brows.,train,1
salenatang,20260517_124640,data/personalization/salenatang/frames/20260517_124640/salenatang_surprised_4_018_1779036580290.jpg,1779036580290,surprised,4,surprised_4_018,Show strong surprise with wide eyes and raised brows.,train,1
salenatang,20260517_124640,data/personalization/salenatang/frames/20260517_124640/salenatang_surprised_4_018_1779036580493.jpg,1779036580493,surprised,4,surprised_4_018,Show strong surprise with wide eyes and raised brows.,train,1
salenatang,20260517_124640,data/personalization/salenatang/frames/20260517_124640/salenatang_surprised_4_018_1779036580694.jpg,1779036580694,surprised,4,surprised_4_018,Show strong surprise with wide eyes and raised brows.,train,1
salenatang,20260517_124640,data/personalization/salenatang/frames/20260517_124640/salenatang_surprised_4_018_1779036580896.jpg,1779036580896,surprised,4,surprised_4_018,Show strong surprise with wide eyes and raised brows.,train,1
salenatang,20260517_124640,data/personalization/salenatang/frames/20260517_124640/salenatang_surprised_4_018_1779036581088.jpg,1779036581088,surprised,4,surprised_4_018,Show strong surprise with wide eyes and raised brows.,train,1
salenatang,20260517_124640,data/personalization/salenatang/frames/20260517_124640/salenatang_surprised_4_018_1779036581295.jpg,1779036581295,surprised,4,surprised_4_018,Show strong surprise with wide eyes and raised brows.,train,1
salenatang,20260517_124640,data/personalization/salenatang/frames/20260517_124640/salenatang_surprised_4_018_1779036581491.jpg,1779036581491,surprised,4,surprised_4_018,Show strong surprise with wide eyes and raised brows.,train,1
salenatang,20260517_124640,data/personalization/salenatang/frames/20260517_124640/salenatang_surprised_4_018_1779036581689.jpg,1779036581689,surprised,4,surprised_4_018,Show strong surprise with wide eyes and raised brows.,train,1
salenatang,20260517_124640,data/personalization/salenatang/frames/20260517_124640/salenatang_surprised_4_018_1779036581892.jpg,1779036581892,surprised,4,surprised_4_018,Show strong surprise with wide eyes and raised brows.,train,1
salenatang,20260517_124640,data/personalization/salenatang/frames/20260517_124640/salenatang_surprised_4_018_1779036582083.jpg,1779036582083,surprised,4,surprised_4_018,Show strong surprise with wide eyes and raised brows.,train,1
salenatang,20260517_124640,data/personalization/salenatang/frames/20260517_124640/salenatang_surprised_4_018_1779036582289.jpg,1779036582289,surprised,4,surprised_4_018,Show strong surprise with wide eyes and raised brows.,train,1
salenatang,20260517_124640,data/personalization/salenatang/frames/20260517_124640/salenatang_surprised_4_018_1779036582490.jpg,1779036582490,surprised,4,surprised_4_018,Show strong surprise with wide eyes and raised brows.,train,1
salenatang,20260517_124640,data/personalization/salenatang/frames/20260517_124640/salenatang_surprised_4_018_1779036582688.jpg,1779036582688,surprised,4,surprised_4_018,Show strong surprise with wide eyes and raised brows.,val,1
salenatang,20260517_124640,data/personalization/salenatang/frames/20260517_124640/salenatang_surprised_4_018_1779036582880.jpg,1779036582880,surprised,4,surprised_4_018,Show strong surprise with wide eyes and raised brows.,train,1
salenatang,20260517_124640,data/personalization/salenatang/frames/20260517_124640/salenatang_surprised_4_018_1779036583080.jpg,1779036583080,surprised,4,surprised_4_018,Show strong surprise with wide eyes and raised brows.,val,1
salenatang,20260517_124640,data/personalization/salenatang/frames/20260517_124640/salenatang_surprised_4_018_1779036583285.jpg,1779036583285,surprised,4,surprised_4_018,Show strong surprise with wide eyes and raised brows.,train,1
salenatang,20260517_124640,data/personalization/salenatang/frames/20260517_124640/salenatang_surprised_4_018_1779036583493.jpg,1779036583493,surprised,4,surprised_4_018,Show strong surprise with wide eyes and raised brows.,train,1
salenatang,20260517_124640,data/personalization/salenatang/frames/20260517_124640/salenatang_surprised_4_018_1779036583686.jpg,1779036583686,surprised,4,surprised_4_018,Show strong surprise with wide eyes and raised brows.,val,1
salenatang,20260517_124640,data/personalization/salenatang/frames/20260517_124640/salenatang_surprised_4_018_1779036583890.jpg,1779036583890,surprised,4,surprised_4_018,Show strong surprise with wide eyes and raised brows.,train,1
salenatang,20260517_124640,data/personalization/salenatang/frames/20260517_124640/salenatang_surprised_4_018_1779036584094.jpg,1779036584094,surprised,4,surprised_4_018,Show strong surprise with wide eyes and raised brows.,train,1
salenatang,20260517_124640,data/personalization/salenatang/frames/20260517_124640/salenatang_surprised_4_018_1779036584287.jpg,1779036584287,surprised,4,surprised_4_018,Show strong surprise with wide eyes and raised brows.,train,1
salenatang,20260517_124640,data/personalization/salenatang/frames/20260517_124640/salenatang_surprised_5_019_1779036585253.jpg,1779036585253,surprised,5,surprised_5_019,Show your strongest surprised expression.,train,1
salenatang,20260517_124640,data/personalization/salenatang/frames/20260517_124640/salenatang_surprised_5_019_1779036585424.jpg,1779036585424,surprised,5,surprised_5_019,Show your strongest surprised expression.,val,1
salenatang,20260517_124640,data/personalization/salenatang/frames/20260517_124640/salenatang_surprised_5_019_1779036585623.jpg,1779036585623,surprised,5,surprised_5_019,Show your strongest surprised expression.,train,1
salenatang,20260517_124640,data/personalization/salenatang/frames/20260517_124640/salenatang_surprised_5_019_1779036585822.jpg,1779036585822,surprised,5,surprised_5_019,Show your strongest surprised expression.,val,1
salenatang,20260517_124640,data/personalization/salenatang/frames/20260517_124640/salenatang_surprised_5_019_1779036586024.jpg,1779036586024,surprised,5,surprised_5_019,Show your strongest surprised expression.,train,1
salenatang,20260517_124640,data/personalization/salenatang/frames/20260517_124640/salenatang_surprised_5_019_1779036586223.jpg,1779036586223,surprised,5,surprised_5_019,Show your strongest surprised expression.,train,1
salenatang,20260517_124640,data/personalization/salenatang/frames/20260517_124640/salenatang_surprised_5_019_1779036586428.jpg,1779036586428,surprised,5,surprised_5_019,Show your strongest surprised expression.,train,1
salenatang,20260517_124640,data/personalization/salenatang/frames/20260517_124640/salenatang_surprised_5_019_1779036586623.jpg,1779036586623,surprised,5,surprised_5_019,Show your strongest surprised expression.,train,1
salenatang,20260517_124640,data/personalization/salenatang/frames/20260517_124640/salenatang_surprised_5_019_1779036586825.jpg,1779036586825,surprised,5,surprised_5_019,Show your strongest surprised expression.,train,1
salenatang,20260517_124640,data/personalization/salenatang/frames/20260517_124640/salenatang_surprised_5_019_1779036587024.jpg,1779036587024,surprised,5,surprised_5_019,Show your strongest surprised expression.,train,1
salenatang,20260517_124640,data/personalization/salenatang/frames/20260517_124640/salenatang_surprised_5_019_1779036587222.jpg,1779036587222,surprised,5,surprised_5_019,Show your strongest surprised expression.,train,1
salenatang,20260517_124640,data/personalization/salenatang/frames/20260517_124640/salenatang_surprised_5_019_1779036587427.jpg,1779036587427,surprised,5,surprised_5_019,Show your strongest surprised expression.,train,1
salenatang,20260517_124640,data/personalization/salenatang/frames/20260517_124640/salenatang_surprised_5_019_1779036587626.jpg,1779036587626,surprised,5,surprised_5_019,Show your strongest surprised expression.,val,1
salenatang,20260517_124640,data/personalization/salenatang/frames/20260517_124640/salenatang_surprised_5_019_1779036587824.jpg,1779036587824,surprised,5,surprised_5_019,Show your strongest surprised expression.,train,1
salenatang,20260517_124640,data/personalization/salenatang/frames/20260517_124640/salenatang_surprised_5_019_1779036588025.jpg,1779036588025,surprised,5,surprised_5_019,Show your strongest surprised expression.,train,1
salenatang,20260517_124640,data/personalization/salenatang/frames/20260517_124640/salenatang_surprised_5_019_1779036588224.jpg,1779036588224,surprised,5,surprised_5_019,Show your strongest surprised expression.,train,1
salenatang,20260517_124640,data/personalization/salenatang/frames/20260517_124640/salenatang_surprised_5_019_1779036588426.jpg,1779036588426,surprised,5,surprised_5_019,Show your strongest surprised expression.,train,1
salenatang,20260517_124640,data/personalization/salenatang/frames/20260517_124640/salenatang_surprised_5_019_1779036588621.jpg,1779036588621,surprised,5,surprised_5_019,Show your strongest surprised expression.,val,1
salenatang,20260517_124640,data/personalization/salenatang/frames/20260517_124640/salenatang_surprised_5_019_1779036588825.jpg,1779036588825,surprised,5,surprised_5_019,Show your strongest surprised expression.,train,1
salenatang,20260517_124640,data/personalization/salenatang/frames/20260517_124640/salenatang_surprised_5_019_1779036589023.jpg,1779036589023,surprised,5,surprised_5_019,Show your strongest surprised expression.,val,1
salenatang,20260517_124640,data/personalization/salenatang/frames/20260517_124640/salenatang_surprised_5_019_1779036589224.jpg,1779036589224,surprised,5,surprised_5_019,Show your strongest surprised expression.,train,1
salenatang,20260517_124640,data/personalization/salenatang/frames/20260517_124640/salenatang_surprised_5_019_1779036589426.jpg,1779036589426,surprised,5,surprised_5_019,Show your strongest surprised expression.,train,1
salenatang,20260517_124640,data/personalization/salenatang/frames/20260517_124640/salenatang_surprised_5_019_1779036589627.jpg,1779036589627,surprised,5,surprised_5_019,Show your strongest surprised expression.,train,1
salenatang,20260517_124640,data/personalization/salenatang/frames/20260517_124640/salenatang_surprised_5_019_1779036589824.jpg,1779036589824,surprised,5,surprised_5_019,Show your strongest surprised expression.,train,1
salenatang,20260517_124640,data/personalization/salenatang/frames/20260517_124640/salenatang_surprised_5_019_1779036590024.jpg,1779036590024,surprised,5,surprised_5_019,Show your strongest surprised expression.,train,1
salenatang,20260517_124640,data/personalization/salenatang/frames/20260517_124640/salenatang_surprised_5_019_1779036590223.jpg,1779036590223,surprised,5,surprised_5_019,Show your strongest surprised expression.,train,1
salenatang,20260517_124640,data/personalization/salenatang/frames/20260517_124640/salenatang_surprised_5_019_1779036590426.jpg,1779036590426,surprised,5,surprised_5_019,Show your strongest surprised expression.,train,1
salenatang,20260517_124640,data/personalization/salenatang/frames/20260517_124640/salenatang_surprised_5_019_1779036590625.jpg,1779036590625,surprised,5,surprised_5_019,Show your strongest surprised expression.,val,1
salenatang,20260517_124640,data/personalization/salenatang/frames/20260517_124640/salenatang_surprised_5_019_1779036590821.jpg,1779036590821,surprised,5,surprised_5_019,Show your strongest surprised expression.,train,1
salenatang,20260517_124640,data/personalization/salenatang/frames/20260517_124640/salenatang_surprised_5_019_1779036591012.jpg,1779036591012,surprised,5,surprised_5_019,Show your strongest surprised expression.,train,1
salenatang,20260517_124640,data/personalization/salenatang/frames/20260517_124640/salenatang_surprised_5_019_1779036591213.jpg,1779036591213,surprised,5,surprised_5_019,Show your strongest surprised expression.,train,1
salenatang,20260517_124640,data/personalization/salenatang/frames/20260517_124640/salenatang_neutral_3_020_1779036594447.jpg,1779036594447,neutral,3,neutral_3_020,Hold your natural neutral resting face.,val,1
salenatang,20260517_124640,data/personalization/salenatang/frames/20260517_124640/salenatang_neutral_3_020_1779036594625.jpg,1779036594625,neutral,3,neutral_3_020,Hold your natural neutral resting face.,train,1
salenatang,20260517_124640,data/personalization/salenatang/frames/20260517_124640/salenatang_neutral_3_020_1779036594826.jpg,1779036594826,neutral,3,neutral_3_020,Hold your natural neutral resting face.,train,1
salenatang,20260517_124640,data/personalization/salenatang/frames/20260517_124640/salenatang_neutral_3_020_1779036595023.jpg,1779036595023,neutral,3,neutral_3_020,Hold your natural neutral resting face.,train,1
salenatang,20260517_124640,data/personalization/salenatang/frames/20260517_124640/salenatang_neutral_3_020_1779036595224.jpg,1779036595224,neutral,3,neutral_3_020,Hold your natural neutral resting face.,train,1
salenatang,20260517_124640,data/personalization/salenatang/frames/20260517_124640/salenatang_neutral_3_020_1779036595428.jpg,1779036595428,neutral,3,neutral_3_020,Hold your natural neutral resting face.,train,1
salenatang,20260517_124640,data/personalization/salenatang/frames/20260517_124640/salenatang_neutral_3_020_1779036595626.jpg,1779036595626,neutral,3,neutral_3_020,Hold your natural neutral resting face.,train,1
salenatang,20260517_124640,data/personalization/salenatang/frames/20260517_124640/salenatang_neutral_3_020_1779036595821.jpg,1779036595821,neutral,3,neutral_3_020,Hold your natural neutral resting face.,val,1
salenatang,20260517_124640,data/personalization/salenatang/frames/20260517_124640/salenatang_neutral_3_020_1779036596016.jpg,1779036596016,neutral,3,neutral_3_020,Hold your natural neutral resting face.,train,1
salenatang,20260517_124640,data/personalization/salenatang/frames/20260517_124640/salenatang_neutral_3_020_1779036596223.jpg,1779036596223,neutral,3,neutral_3_020,Hold your natural neutral resting face.,val,1
salenatang,20260517_124640,data/personalization/salenatang/frames/20260517_124640/salenatang_neutral_3_020_1779036596426.jpg,1779036596426,neutral,3,neutral_3_020,Hold your natural neutral resting face.,train,1
salenatang,20260517_124640,data/personalization/salenatang/frames/20260517_124640/salenatang_neutral_3_020_1779036596626.jpg,1779036596626,neutral,3,neutral_3_020,Hold your natural neutral resting face.,train,1
salenatang,20260517_124640,data/personalization/salenatang/frames/20260517_124640/salenatang_neutral_3_020_1779036596813.jpg,1779036596813,neutral,3,neutral_3_020,Hold your natural neutral resting face.,train,1
salenatang,20260517_124640,data/personalization/salenatang/frames/20260517_124640/salenatang_neutral_3_020_1779036597013.jpg,1779036597013,neutral,3,neutral_3_020,Hold your natural neutral resting face.,train,1
salenatang,20260517_124640,data/personalization/salenatang/frames/20260517_124640/salenatang_neutral_3_020_1779036597219.jpg,1779036597219,neutral,3,neutral_3_020,Hold your natural neutral resting face.,train,1
salenatang,20260517_124640,data/personalization/salenatang/frames/20260517_124640/salenatang_neutral_3_020_1779036597426.jpg,1779036597426,neutral,3,neutral_3_020,Hold your natural neutral resting face.,train,1
salenatang,20260517_124640,data/personalization/salenatang/frames/20260517_124640/salenatang_neutral_3_020_1779036597617.jpg,1779036597617,neutral,3,neutral_3_020,Hold your natural neutral resting face.,val,1
salenatang,20260517_124640,data/personalization/salenatang/frames/20260517_124640/salenatang_neutral_3_020_1779036597824.jpg,1779036597824,neutral,3,neutral_3_020,Hold your natural neutral resting face.,train,1
salenatang,20260517_124640,data/personalization/salenatang/frames/20260517_124640/salenatang_neutral_3_020_1779036598027.jpg,1779036598027,neutral,3,neutral_3_020,Hold your natural neutral resting face.,val,1
salenatang,20260517_124640,data/personalization/salenatang/frames/20260517_124640/salenatang_neutral_3_020_1779036598213.jpg,1779036598213,neutral,3,neutral_3_020,Hold your natural neutral resting face.,train,1
salenatang,20260517_124640,data/personalization/salenatang/frames/20260517_124640/salenatang_neutral_3_020_1779036598415.jpg,1779036598415,neutral,3,neutral_3_020,Hold your natural neutral resting face.,val,1
salenatang,20260517_124640,data/personalization/salenatang/frames/20260517_124640/salenatang_neutral_3_020_1779036598622.jpg,1779036598622,neutral,3,neutral_3_020,Hold your natural neutral resting face.,train,1
salenatang,20260517_124640,data/personalization/salenatang/frames/20260517_124640/salenatang_neutral_3_020_1779036598826.jpg,1779036598826,neutral,3,neutral_3_020,Hold your natural neutral resting face.,train,1
salenatang,20260517_124640,data/personalization/salenatang/frames/20260517_124640/salenatang_neutral_3_020_1779036599024.jpg,1779036599024,neutral,3,neutral_3_020,Hold your natural neutral resting face.,train,1
salenatang,20260517_124640,data/personalization/salenatang/frames/20260517_124640/salenatang_neutral_3_020_1779036599223.jpg,1779036599223,neutral,3,neutral_3_020,Hold your natural neutral resting face.,train,1
salenatang,20260517_124640,data/personalization/salenatang/frames/20260517_124640/salenatang_neutral_3_020_1779036599426.jpg,1779036599426,neutral,3,neutral_3_020,Hold your natural neutral resting face.,train,1
salenatang,20260517_124640,data/personalization/salenatang/frames/20260517_124640/salenatang_neutral_3_020_1779036599619.jpg,1779036599619,neutral,3,neutral_3_020,Hold your natural neutral resting face.,train,1
salenatang,20260517_124640,data/personalization/salenatang/frames/20260517_124640/salenatang_neutral_3_020_1779036599825.jpg,1779036599825,neutral,3,neutral_3_020,Hold your natural neutral resting face.,train,1
salenatang,20260517_124640,data/personalization/salenatang/frames/20260517_124640/salenatang_neutral_3_020_1779036600025.jpg,1779036600025,neutral,3,neutral_3_020,Hold your natural neutral resting face.,train,1
salenatang,20260517_124640,data/personalization/salenatang/frames/20260517_124640/salenatang_neutral_3_020_1779036600214.jpg,1779036600214,neutral,3,neutral_3_020,Hold your natural neutral resting face.,train,1
salenatang,20260517_124640,data/personalization/salenatang/frames/20260517_124640/salenatang_neutral_3_020_1779036600414.jpg,1779036600414,neutral,3,neutral_3_020,Hold your natural neutral resting face.,train,1
