frame_path,true_label,true_intensity,predicted_label,predicted_intensity,correct_label,prob_angry,prob_happy,prob_neutral,prob_sad,prob_surprised
data/personalization/salenatang/frames/20260517_124640/salenatang_happy_1_000_1779036441730.jpg,happy,1,neutral,N/A,0,0.000454,0.001970,0.935852,0.060333,0.001391
data/personalization/salenatang/frames/20260517_124640/salenatang_happy_1_000_1779036441869.jpg,happy,1,neutral,N/A,0,0.000454,0.002505,0.944288,0.050787,0.001966
data/personalization/salenatang/frames/20260517_124640/salenatang_happy_1_000_1779036442073.jpg,happy,1,neutral,N/A,0,0.000381,0.002704,0.935760,0.059872,0.001284
data/personalization/salenatang/frames/20260517_124640/salenatang_happy_1_000_1779036442273.jpg,happy,1,neutral,N/A,0,0.000479,0.014688,0.944662,0.036938,0.003233
data/personalization/salenatang/frames/20260517_124640/salenatang_happy_1_000_1779036442478.jpg,happy,1,neutral,N/A,0,0.000546,0.023444,0.941060,0.030971,0.003979
data/personalization/salenatang/frames/20260517_124640/salenatang_happy_1_000_1779036442672.jpg,happy,1,neutral,N/A,0,0.001173,0.083699,0.874477,0.025405,0.015246
data/personalization/salenatang/frames/20260517_124640/salenatang_happy_1_000_1779036442872.jpg,happy,1,neutral,N/A,0,0.000958,0.100420,0.859444,0.026740,0.012438
data/personalization/salenatang/frames/20260517_124640/salenatang_happy_1_000_1779036443077.jpg,happy,1,neutral,N/A,0,0.000827,0.274304,0.679005,0.029895,0.015970
data/personalization/salenatang/frames/20260517_124640/salenatang_happy_1_000_1779036443269.jpg,happy,1,neutral,N/A,0,0.000999,0.120605,0.831501,0.032366,0.014530
data/personalization/salenatang/frames/20260517_124640/salenatang_happy_1_000_1779036443477.jpg,happy,1,neutral,N/A,0,0.000761,0.109881,0.852505,0.025997,0.010855
data/personalization/salenatang/frames/20260517_124640/salenatang_happy_1_000_1779036443675.jpg,happy,1,neutral,N/A,0,0.000758,0.122848,0.824611,0.041179,0.010604
data/personalization/salenatang/frames/20260517_124640/salenatang_happy_1_000_1779036443871.jpg,happy,1,neutral,N/A,0,0.001316,0.219635,0.723078,0.032842,0.023129
data/personalization/salenatang/frames/20260517_124640/salenatang_happy_1_000_1779036444075.jpg,happy,1,neutral,N/A,0,0.001122,0.205024,0.740155,0.032654,0.021045
data/personalization/salenatang/frames/20260517_124640/salenatang_happy_1_000_1779036444274.jpg,happy,1,neutral,N/A,0,0.000851,0.057255,0.891980,0.037811,0.012103
data/personalization/salenatang/frames/20260517_124640/salenatang_happy_1_000_1779036444479.jpg,happy,1,neutral,N/A,0,0.000715,0.121830,0.824715,0.041999,0.010742
data/personalization/salenatang/frames/20260517_124640/salenatang_happy_1_000_1779036444670.jpg,happy,1,neutral,N/A,0,0.000498,0.042144,0.921220,0.030080,0.006057
data/personalization/salenatang/frames/20260517_124640/salenatang_happy_1_000_1779036444873.jpg,happy,1,neutral,N/A,0,0.000867,0.099575,0.858107,0.029132,0.012319
data/personalization/salenatang/frames/20260517_124640/salenatang_happy_1_000_1779036445075.jpg,happy,1,neutral,N/A,0,0.000414,0.024741,0.926099,0.043061,0.005684
data/personalization/salenatang/frames/20260517_124640/salenatang_happy_1_000_1779036445270.jpg,happy,1,neutral,N/A,0,0.000674,0.029893,0.929751,0.033123,0.006559
data/personalization/salenatang/frames/20260517_124640/salenatang_happy_1_000_1779036445477.jpg,happy,1,neutral,N/A,0,0.000946,0.182313,0.772697,0.029362,0.014683
data/personalization/salenatang/frames/20260517_124640/salenatang_happy_1_000_1779036445673.jpg,happy,1,neutral,N/A,0,0.000862,0.110085,0.841488,0.035324,0.012241
data/personalization/salenatang/frames/20260517_124640/salenatang_happy_1_000_1779036445874.jpg,happy,1,neutral,N/A,0,0.000715,0.102679,0.837275,0.049993,0.009337
data/personalization/salenatang/frames/20260517_124640/salenatang_happy_1_000_1779036446073.jpg,happy,1,neutral,N/A,0,0.000527,0.079895,0.866661,0.047762,0.005156
data/personalization/salenatang/frames/20260517_124640/salenatang_happy_1_000_1779036446275.jpg,happy,1,neutral,N/A,0,0.000632,0.067638,0.871704,0.054144,0.005883
data/personalization/salenatang/frames/20260517_124640/salenatang_happy_1_000_1779036446473.jpg,happy,1,neutral,N/A,0,0.000655,0.061728,0.876266,0.053882,0.007468
data/personalization/salenatang/frames/20260517_124640/salenatang_happy_1_000_1779036446675.jpg,happy,1,neutral,N/A,0,0.000648,0.065218,0.875879,0.051435,0.006821
data/personalization/salenatang/frames/20260517_124640/salenatang_happy_1_000_1779036446874.jpg,happy,1,neutral,N/A,0,0.000661,0.072994,0.863074,0.056533,0.006737
data/personalization/salenatang/frames/20260517_124640/salenatang_happy_1_000_1779036447071.jpg,happy,1,neutral,N/A,0,0.000770,0.079858,0.860663,0.049787,0.008922
data/personalization/salenatang/frames/20260517_124640/salenatang_happy_1_000_1779036447276.jpg,happy,1,neutral,N/A,0,0.000701,0.066070,0.876899,0.049223,0.007108
data/personalization/salenatang/frames/20260517_124640/salenatang_happy_1_000_1779036447464.jpg,happy,1,neutral,N/A,0,0.000472,0.088322,0.866925,0.039327,0.004954
data/personalization/salenatang/frames/20260517_124640/salenatang_happy_1_000_1779036447663.jpg,happy,1,neutral,N/A,0,0.000549,0.027436,0.939442,0.027569,0.005004
data/personalization/salenatang/frames/20260517_124640/salenatang_happy_2_001_1779036450596.jpg,happy,2,neutral,N/A,0,0.000391,0.358310,0.598939,0.033060,0.009301
data/personalization/salenatang/frames/20260517_124640/salenatang_happy_2_001_1779036450766.jpg,happy,2,neutral,N/A,0,0.000553,0.285814,0.666240,0.034003,0.013389
data/personalization/salenatang/frames/20260517_124640/salenatang_happy_2_001_1779036450973.jpg,happy,2,neutral,N/A,0,0.000536,0.404590,0.555684,0.028688,0.010502
data/personalization/salenatang/frames/20260517_124640/salenatang_happy_2_001_1779036451176.jpg,happy,2,neutral,N/A,0,0.000631,0.247731,0.710268,0.030135,0.011236
data/personalization/salenatang/frames/20260517_124640/salenatang_happy_2_001_1779036451375.jpg,happy,2,neutral,N/A,0,0.000787,0.423632,0.535155,0.020172,0.020254
data/personalization/salenatang/frames/20260517_124640/salenatang_happy_2_001_1779036451577.jpg,happy,2,neutral,N/A,0,0.000742,0.397172,0.560579,0.021256,0.020251
data/personalization/salenatang/frames/20260517_124640/salenatang_happy_2_001_1779036451776.jpg,happy,2,neutral,N/A,0,0.000949,0.390331,0.564853,0.023516,0.020350
data/personalization/salenatang/frames/20260517_124640/salenatang_happy_2_001_1779036451973.jpg,happy,2,neutral,N/A,0,0.000875,0.360290,0.597267,0.021314,0.020254
data/personalization/salenatang/frames/20260517_124640/salenatang_happy_2_001_1779036452172.jpg,happy,2,neutral,N/A,0,0.000800,0.323692,0.632001,0.024036,0.019471
data/personalization/salenatang/frames/20260517_124640/salenatang_happy_2_001_1779036452377.jpg,happy,2,neutral,N/A,0,0.000613,0.404698,0.548722,0.030304,0.015663
data/personalization/salenatang/frames/20260517_124640/salenatang_happy_2_001_1779036452574.jpg,happy,2,neutral,N/A,0,0.000486,0.254293,0.701037,0.033870,0.010314
data/personalization/salenatang/frames/20260517_124640/salenatang_happy_2_001_1779036452776.jpg,happy,2,neutral,N/A,0,0.000608,0.327372,0.626211,0.032030,0.013779
data/personalization/salenatang/frames/20260517_124640/salenatang_happy_2_001_1779036452974.jpg,happy,2,neutral,N/A,0,0.000579,0.206771,0.729428,0.056999,0.006223
data/personalization/salenatang/frames/20260517_124640/salenatang_happy_2_001_1779036453178.jpg,happy,2,neutral,N/A,0,0.000601,0.242406,0.723745,0.021784,0.011464
data/personalization/salenatang/frames/20260517_124640/salenatang_happy_2_001_1779036453372.jpg,happy,2,neutral,N/A,0,0.000456,0.188245,0.773066,0.029213,0.009020
data/personalization/salenatang/frames/20260517_124640/salenatang_happy_2_001_1779036453579.jpg,happy,2,neutral,N/A,0,0.000454,0.178400,0.784295,0.027132,0.009718
data/personalization/salenatang/frames/20260517_124640/salenatang_happy_2_001_1779036453774.jpg,happy,2,neutral,N/A,0,0.000570,0.219055,0.742757,0.026191,0.011427
data/personalization/salenatang/frames/20260517_124640/salenatang_happy_2_001_1779036453974.jpg,happy,2,neutral,N/A,0,0.000600,0.196996,0.763068,0.030223,0.009113
data/personalization/salenatang/frames/20260517_124640/salenatang_happy_2_001_1779036454176.jpg,happy,2,neutral,N/A,0,0.000570,0.145172,0.817370,0.030496,0.006392
data/personalization/salenatang/frames/20260517_124640/salenatang_happy_2_001_1779036454374.jpg,happy,2,neutral,N/A,0,0.000781,0.304840,0.655110,0.022381,0.016888
data/personalization/salenatang/frames/20260517_124640/salenatang_happy_2_001_1779036454565.jpg,happy,2,neutral,N/A,0,0.000720,0.152508,0.799950,0.035251,0.011571
data/personalization/salenatang/frames/20260517_124640/salenatang_happy_2_001_1779036454763.jpg,happy,2,neutral,N/A,0,0.000788,0.368191,0.584713,0.026836,0.019472
data/personalization/salenatang/frames/20260517_124640/salenatang_happy_2_001_1779036454964.jpg,happy,2,neutral,N/A,0,0.000707,0.275685,0.679434,0.026956,0.017218
data/personalization/salenatang/frames/20260517_124640/salenatang_happy_2_001_1779036455173.jpg,happy,2,neutral,N/A,0,0.000630,0.149602,0.808134,0.029106,0.012527
data/personalization/salenatang/frames/20260517_124640/salenatang_happy_2_001_1779036455377.jpg,happy,2,neutral,N/A,0,0.000753,0.210051,0.742223,0.028909,0.018064
data/personalization/salenatang/frames/20260517_124640/salenatang_happy_2_001_1779036455566.jpg,happy,2,neutral,N/A,0,0.000814,0.161390,0.796794,0.027266,0.013736
data/personalization/salenatang/frames/20260517_124640/salenatang_happy_2_001_1779036455766.jpg,happy,2,neutral,N/A,0,0.000729,0.227728,0.729258,0.027746,0.014539
data/personalization/salenatang/frames/20260517_124640/salenatang_happy_2_001_1779036455965.jpg,happy,2,neutral,N/A,0,0.000760,0.122935,0.836109,0.027638,0.012558
data/personalization/salenatang/frames/20260517_124640/salenatang_happy_2_001_1779036456172.jpg,happy,2,neutral,N/A,0,0.000815,0.128099,0.833549,0.024427,0.013111
data/personalization/salenatang/frames/20260517_124640/salenatang_happy_2_001_1779036456376.jpg,happy,2,neutral,N/A,0,0.000871,0.150720,0.808596,0.025516,0.014297
data/personalization/salenatang/frames/20260517_124640/salenatang_happy_2_001_1779036456565.jpg,happy,2,neutral,N/A,0,0.000546,0.156788,0.789026,0.046209,0.007432
data/personalization/salenatang/frames/20260517_124640/salenatang_happy_3_002_1779036458709.jpg,happy,3,happy,4.140,1,0.000271,0.827345,0.141092,0.024599,0.006692
data/personalization/salenatang/frames/20260517_124640/salenatang_happy_3_002_1779036458876.jpg,happy,3,happy,4.631,1,0.000150,0.925847,0.060594,0.005958,0.007451
data/personalization/salenatang/frames/20260517_124640/salenatang_happy_3_002_1779036459072.jpg,happy,3,happy,4.705,1,0.000122,0.940630,0.047955,0.004899,0.006393
data/personalization/salenatang/frames/20260517_124640/salenatang_happy_3_002_1779036459272.jpg,happy,3,happy,4.726,1,0.000093,0.944413,0.043192,0.005129,0.007174
data/personalization/salenatang/frames/20260517_124640/salenatang_happy_3_002_1779036459478.jpg,happy,3,happy,4.749,1,0.000089,0.949076,0.039624,0.004704,0.006508
data/personalization/salenatang/frames/20260517_124640/salenatang_happy_3_002_1779036459673.jpg,happy,3,happy,4.660,1,0.000178,0.930880,0.052867,0.006100,0.009976
data/personalization/salenatang/frames/20260517_124640/salenatang_happy_3_002_1779036459879.jpg,happy,3,happy,4.667,1,0.000136,0.932921,0.053490,0.006426,0.007026
data/personalization/salenatang/frames/20260517_124640/salenatang_happy_3_002_1779036460077.jpg,happy,3,happy,4.729,1,0.000104,0.945023,0.042725,0.006779,0.005369
data/personalization/salenatang/frames/20260517_124640/salenatang_happy_3_002_1779036460277.jpg,happy,3,happy,4.635,1,0.000122,0.926376,0.058844,0.009193,0.005465
data/personalization/salenatang/frames/20260517_124640/salenatang_happy_3_002_1779036460478.jpg,happy,3,happy,4.648,1,0.000124,0.929262,0.057363,0.006850,0.006401
data/personalization/salenatang/frames/20260517_124640/salenatang_happy_3_002_1779036460674.jpg,happy,3,happy,4.676,1,0.000140,0.933884,0.049340,0.007383,0.009254
data/personalization/salenatang/frames/20260517_124640/salenatang_happy_3_002_1779036460876.jpg,happy,3,happy,4.693,1,0.000162,0.936842,0.045455,0.005640,0.011901
data/personalization/salenatang/frames/20260517_124640/salenatang_happy_3_002_1779036461079.jpg,happy,3,happy,4.721,1,0.000117,0.943001,0.042192,0.007084,0.007607
data/personalization/salenatang/frames/20260517_124640/salenatang_happy_3_002_1779036461277.jpg,happy,3,happy,4.441,1,0.000184,0.887037,0.089284,0.015752,0.007742
data/personalization/salenatang/frames/20260517_124640/salenatang_happy_3_002_1779036461476.jpg,happy,3,happy,4.647,1,0.000154,0.927882,0.054049,0.007062,0.010853
data/personalization/salenatang/frames/20260517_124640/salenatang_happy_3_002_1779036461676.jpg,happy,3,happy,4.583,1,0.000145,0.915897,0.066904,0.007678,0.009376
data/personalization/salenatang/frames/20260517_124640/salenatang_happy_3_002_1779036461873.jpg,happy,3,happy,4.475,1,0.000170,0.894296,0.085366,0.009266,0.010902
data/personalization/salenatang/frames/20260517_124640/salenatang_happy_3_002_1779036462076.jpg,happy,3,happy,4.594,1,0.000143,0.917947,0.064642,0.009333,0.007934
data/personalization/salenatang/frames/20260517_124640/salenatang_happy_3_002_1779036462270.jpg,happy,3,happy,4.301,1,0.000233,0.860251,0.116608,0.014272,0.008637
data/personalization/salenatang/frames/20260517_124640/salenatang_happy_3_002_1779036462465.jpg,happy,3,happy,4.370,1,0.000215,0.873958,0.104709,0.010596,0.010522
data/personalization/salenatang/frames/20260517_124640/salenatang_happy_3_002_1779036462664.jpg,happy,3,happy,4.558,1,0.000156,0.910984,0.071993,0.006884,0.009983
data/personalization/salenatang/frames/20260517_124640/salenatang_happy_3_002_1779036462878.jpg,happy,3,happy,4.550,1,0.000230,0.908657,0.070498,0.005489,0.015127
data/personalization/salenatang/frames/20260517_124640/salenatang_happy_3_002_1779036463073.jpg,happy,3,happy,4.265,1,0.000366,0.852110,0.119481,0.009133,0.018911
data/personalization/salenatang/frames/20260517_124640/salenatang_happy_3_002_1779036463273.jpg,happy,3,happy,4.543,1,0.000263,0.906262,0.068316,0.006704,0.018455
data/personalization/salenatang/frames/20260517_124640/salenatang_happy_3_002_1779036463478.jpg,happy,3,happy,4.550,1,0.000220,0.908991,0.071422,0.008148,0.011219
data/personalization/salenatang/frames/20260517_124640/salenatang_happy_3_002_1779036463675.jpg,happy,3,happy,4.644,1,0.000191,0.927194,0.054373,0.007604,0.010638
data/personalization/salenatang/frames/20260517_124640/salenatang_happy_3_002_1779036463878.jpg,happy,3,happy,4.493,1,0.000237,0.897123,0.079642,0.010062,0.012936
data/personalization/salenatang/frames/20260517_124640/salenatang_happy_3_002_1779036464074.jpg,happy,3,happy,4.565,1,0.000214,0.911703,0.067893,0.008161,0.012030
data/personalization/salenatang/frames/20260517_124640/salenatang_happy_3_002_1779036464275.jpg,happy,3,happy,4.495,1,0.000244,0.898092,0.081319,0.007190,0.013156
data/personalization/salenatang/frames/20260517_124640/salenatang_happy_3_002_1779036464477.jpg,happy,3,happy,4.566,1,0.000209,0.911950,0.067858,0.006882,0.013101
data/personalization/salenatang/frames/20260517_124640/salenatang_happy_3_002_1779036464675.jpg,happy,3,happy,4.429,1,0.000194,0.884970,0.092750,0.011282,0.010805
data/personalization/salenatang/frames/20260517_124640/salenatang_happy_4_003_1779036466101.jpg,happy,4,happy,4.877,1,0.000105,0.974358,0.017050,0.003514,0.004973
data/personalization/salenatang/frames/20260517_124640/salenatang_happy_4_003_1779036466267.jpg,happy,4,happy,4.975,1,0.000038,0.994508,0.002312,0.000829,0.002312
data/personalization/salenatang/frames/20260517_124640/salenatang_happy_4_003_1779036466478.jpg,happy,4,happy,4.990,1,0.000032,0.998038,0.000291,0.000143,0.001496
data/personalization/salenatang/frames/20260517_124640/salenatang_happy_4_003_1779036466671.jpg,happy,4,happy,4.989,1,0.000030,0.997716,0.000319,0.000170,0.001764
data/personalization/salenatang/frames/20260517_124640/salenatang_happy_4_003_1779036466875.jpg,happy,4,happy,4.989,1,0.000034,0.997808,0.000272,0.000135,0.001752
data/personalization/salenatang/frames/20260517_124640/salenatang_happy_4_003_1779036467078.jpg,happy,4,happy,4.984,1,0.000039,0.996745,0.000419,0.000159,0.002638
data/personalization/salenatang/frames/20260517_124640/salenatang_happy_4_003_1779036467275.jpg,happy,4,happy,4.991,1,0.000041,0.998147,0.000374,0.000253,0.001185
data/personalization/salenatang/frames/20260517_124640/salenatang_happy_4_003_1779036467479.jpg,happy,4,happy,4.991,1,0.000080,0.998017,0.000490,0.000609,0.000803
data/personalization/salenatang/frames/20260517_124640/salenatang_happy_4_003_1779036467667.jpg,happy,4,happy,4.987,1,0.000037,0.997399,0.000473,0.000229,0.001861
data/personalization/salenatang/frames/20260517_124640/salenatang_happy_4_003_1779036467868.jpg,happy,4,happy,4.986,1,0.000032,0.997145,0.000453,0.000228,0.002141
data/personalization/salenatang/frames/20260517_124640/salenatang_happy_4_003_1779036468065.jpg,happy,4,happy,4.984,1,0.000038,0.996713,0.000476,0.000192,0.002581
data/personalization/salenatang/frames/20260517_124640/salenatang_happy_4_003_1779036468276.jpg,happy,4,happy,4.984,1,0.000037,0.996775,0.000457,0.000171,0.002561
data/personalization/salenatang/frames/20260517_124640/salenatang_happy_4_003_1779036468479.jpg,happy,4,happy,4.983,1,0.000039,0.996647,0.000469,0.000196,0.002648
data/personalization/salenatang/frames/20260517_124640/salenatang_happy_4_003_1779036468678.jpg,happy,4,happy,4.986,1,0.000042,0.997138,0.000398,0.000191,0.002231
data/personalization/salenatang/frames/20260517_124640/salenatang_happy_4_003_1779036468874.jpg,happy,4,happy,4.982,1,0.000041,0.996373,0.000517,0.000242,0.002826
data/personalization/salenatang/frames/20260517_124640/salenatang_happy_4_003_1779036469075.jpg,happy,4,happy,4.987,1,0.000030,0.997298,0.000408,0.000218,0.002047
data/personalization/salenatang/frames/20260517_124640/salenatang_happy_4_003_1779036469273.jpg,happy,4,happy,4.984,1,0.000036,0.996816,0.000427,0.000202,0.002519
data/personalization/salenatang/frames/20260517_124640/salenatang_happy_4_003_1779036469484.jpg,happy,4,happy,4.979,1,0.000039,0.995817,0.000450,0.000141,0.003553
data/personalization/salenatang/frames/20260517_124640/salenatang_happy_4_003_1779036469675.jpg,happy,4,happy,4.977,1,0.000045,0.995497,0.000431,0.000145,0.003881
data/personalization/salenatang/frames/20260517_124640/salenatang_happy_4_003_1779036469865.jpg,happy,4,happy,4.985,1,0.000038,0.996957,0.000316,0.000129,0.002561
data/personalization/salenatang/frames/20260517_124640/salenatang_happy_4_003_1779036470067.jpg,happy,4,happy,4.987,1,0.000039,0.997311,0.000426,0.000171,0.002054
data/personalization/salenatang/frames/20260517_124640/salenatang_happy_4_003_1779036470266.jpg,happy,4,happy,4.983,1,0.000035,0.996554,0.000537,0.000211,0.002663
data/personalization/salenatang/frames/20260517_124640/salenatang_happy_4_003_1779036470479.jpg,happy,4,happy,4.982,1,0.000038,0.996457,0.000476,0.000146,0.002882
data/personalization/salenatang/frames/20260517_124640/salenatang_happy_4_003_1779036470678.jpg,happy,4,happy,4.983,1,0.000038,0.996595,0.000449,0.000151,0.002768
data/personalization/salenatang/frames/20260517_124640/salenatang_happy_4_003_1779036470873.jpg,happy,4,happy,4.982,1,0.000038,0.996467,0.000450,0.000161,0.002884
data/personalization/salenatang/frames/20260517_124640/salenatang_happy_4_003_1779036471077.jpg,happy,4,happy,4.980,1,0.000041,0.996054,0.000451,0.000122,0.003332
data/personalization/salenatang/frames/20260517_124640/salenatang_happy_4_003_1779036471277.jpg,happy,4,happy,4.981,1,0.000033,0.996196,0.000417,0.000135,0.003219
data/personalization/salenatang/frames/20260517_124640/salenatang_happy_4_003_1779036471479.jpg,happy,4,happy,4.982,1,0.000036,0.996308,0.000457,0.000170,0.003030
data/personalization/salenatang/frames/20260517_124640/salenatang_happy_4_003_1779036471670.jpg,happy,4,happy,4.981,1,0.000041,0.996198,0.000399,0.000144,0.003218
data/personalization/salenatang/frames/20260517_124640/salenatang_happy_4_003_1779036471867.jpg,happy,4,happy,4.981,1,0.000038,0.996203,0.000459,0.000170,0.003131
data/personalization/salenatang/frames/20260517_124640/salenatang_happy_4_003_1779036472067.jpg,happy,4,happy,4.981,1,0.000033,0.996222,0.000387,0.000132,0.003226
data/personalization/salenatang/frames/20260517_124640/salenatang_happy_5_004_1779036473140.jpg,happy,5,happy,4.984,1,0.000036,0.996781,0.000334,0.000121,0.002729
data/personalization/salenatang/frames/20260517_124640/salenatang_happy_5_004_1779036473302.jpg,happy,5,happy,4.993,1,0.000039,0.998516,0.000166,0.000112,0.001168
data/personalization/salenatang/frames/20260517_124640/salenatang_happy_5_004_1779036473500.jpg,happy,5,happy,4.993,1,0.000046,0.998614,0.000148,0.000179,0.001012
data/personalization/salenatang/frames/20260517_124640/salenatang_happy_5_004_1779036473711.jpg,happy,5,happy,4.994,1,0.000033,0.998744,0.000124,0.000137,0.000961
data/personalization/salenatang/frames/20260517_124640/salenatang_happy_5_004_1779036473913.jpg,happy,5,happy,4.992,1,0.000027,0.998459,0.000142,0.000122,0.001250
data/personalization/salenatang/frames/20260517_124640/salenatang_happy_5_004_1779036474114.jpg,happy,5,happy,4.991,1,0.000026,0.998242,0.000087,0.000058,0.001587
data/personalization/salenatang/frames/20260517_124640/salenatang_happy_5_004_1779036474309.jpg,happy,5,happy,4.993,1,0.000027,0.998538,0.000078,0.000055,0.001302
data/personalization/salenatang/frames/20260517_124640/salenatang_happy_5_004_1779036474511.jpg,happy,5,happy,4.992,1,0.000028,0.998504,0.000104,0.000087,0.001277
data/personalization/salenatang/frames/20260517_124640/salenatang_happy_5_004_1779036474709.jpg,happy,5,happy,4.994,1,0.000028,0.998771,0.000119,0.000116,0.000966
data/personalization/salenatang/frames/20260517_124640/salenatang_happy_5_004_1779036474911.jpg,happy,5,happy,4.994,1,0.000024,0.998748,0.000122,0.000124,0.000983
data/personalization/salenatang/frames/20260517_124640/salenatang_happy_5_004_1779036475102.jpg,happy,5,happy,4.994,1,0.000028,0.998760,0.000103,0.000115,0.000994
data/personalization/salenatang/frames/20260517_124640/salenatang_happy_5_004_1779036475300.jpg,happy,5,happy,4.992,1,0.000030,0.998481,0.000129,0.000155,0.001205
data/personalization/salenatang/frames/20260517_124640/salenatang_happy_5_004_1779036475500.jpg,happy,5,happy,4.992,1,0.000030,0.998415,0.000098,0.000081,0.001377
data/personalization/salenatang/frames/20260517_124640/salenatang_happy_5_004_1779036475709.jpg,happy,5,happy,4.992,1,0.000022,0.998443,0.000129,0.000108,0.001297
data/personalization/salenatang/frames/20260517_124640/salenatang_happy_5_004_1779036475907.jpg,happy,5,happy,4.992,1,0.000030,0.998416,0.000146,0.000102,0.001307
data/personalization/salenatang/frames/20260517_124640/salenatang_happy_5_004_1779036476109.jpg,happy,5,happy,4.993,1,0.000026,0.998591,0.000102,0.000100,0.001180
data/personalization/salenatang/frames/20260517_124640/salenatang_happy_5_004_1779036476310.jpg,happy,5,happy,4.993,1,0.000024,0.998644,0.000113,0.000142,0.001077
data/personalization/salenatang/frames/20260517_124640/salenatang_happy_5_004_1779036476511.jpg,happy,5,happy,4.991,1,0.000029,0.998131,0.000168,0.000200,0.001472
data/personalization/salenatang/frames/20260517_124640/salenatang_happy_5_004_1779036476709.jpg,happy,5,happy,4.993,1,0.000022,0.998513,0.000134,0.000097,0.001234
data/personalization/salenatang/frames/20260517_124640/salenatang_happy_5_004_1779036476911.jpg,happy,5,happy,4.990,1,0.000030,0.998076,0.000162,0.000157,0.001575
data/personalization/salenatang/frames/20260517_124640/salenatang_happy_5_004_1779036477112.jpg,happy,5,happy,4.993,1,0.000027,0.998536,0.000139,0.000140,0.001159
data/personalization/salenatang/frames/20260517_124640/salenatang_happy_5_004_1779036477309.jpg,happy,5,happy,4.990,1,0.000037,0.998072,0.000148,0.000175,0.001569
data/personalization/salenatang/frames/20260517_124640/salenatang_happy_5_004_1779036477513.jpg,happy,5,happy,4.988,1,0.000038,0.997649,0.000190,0.000224,0.001900
data/personalization/salenatang/frames/20260517_124640/salenatang_happy_5_004_1779036477709.jpg,happy,5,happy,4.994,1,0.000036,0.998700,0.000138,0.000202,0.000924
data/personalization/salenatang/frames/20260517_124640/salenatang_happy_5_004_1779036477909.jpg,happy,5,happy,4.992,1,0.000037,0.998301,0.000192,0.000239,0.001232
data/personalization/salenatang/frames/20260517_124640/salenatang_happy_5_004_1779036478111.jpg,happy,5,happy,4.993,1,0.000030,0.998637,0.000171,0.000245,0.000917
data/personalization/salenatang/frames/20260517_124640/salenatang_happy_5_004_1779036478308.jpg,happy,5,happy,4.993,1,0.000027,0.998569,0.000151,0.000167,0.001086
data/personalization/salenatang/frames/20260517_124640/salenatang_happy_5_004_1779036478513.jpg,happy,5,happy,4.992,1,0.000027,0.998457,0.000175,0.000196,0.001144
data/personalization/salenatang/frames/20260517_124640/salenatang_happy_5_004_1779036478712.jpg,happy,5,happy,4.990,1,0.000027,0.998012,0.000172,0.000149,0.001640
data/personalization/salenatang/frames/20260517_124640/salenatang_happy_5_004_1779036478910.jpg,happy,5,happy,4.990,1,0.000025,0.998021,0.000197,0.000162,0.001594
data/personalization/salenatang/frames/20260517_124640/salenatang_happy_5_004_1779036479111.jpg,happy,5,happy,4.990,1,0.000027,0.997931,0.000213,0.000155,0.001673
data/personalization/salenatang/frames/20260517_124640/salenatang_sad_1_005_1779036482841.jpg,sad,1,neutral,N/A,0,0.000702,0.001405,0.885567,0.109006,0.003320
data/personalization/salenatang/frames/20260517_124640/salenatang_sad_1_005_1779036483009.jpg,sad,1,neutral,N/A,0,0.000786,0.000958,0.906659,0.087472,0.004126
data/personalization/salenatang/frames/20260517_124640/salenatang_sad_1_005_1779036483213.jpg,sad,1,neutral,N/A,0,0.000932,0.001745,0.789604,0.200854,0.006864
data/personalization/salenatang/frames/20260517_124640/salenatang_sad_1_005_1779036483414.jpg,sad,1,neutral,N/A,0,0.000730,0.001288,0.807278,0.187075,0.003629
data/personalization/salenatang/frames/20260517_124640/salenatang_sad_1_005_1779036483612.jpg,sad,1,neutral,N/A,0,0.000844,0.001023,0.824176,0.170584,0.003373
data/personalization/salenatang/frames/20260517_124640/salenatang_sad_1_005_1779036483812.jpg,sad,1,sad,3.333,1,0.000777,0.001787,0.317340,0.678357,0.001739
data/personalization/salenatang/frames/20260517_124640/salenatang_sad_1_005_1779036484011.jpg,sad,1,neutral,N/A,0,0.000400,0.000961,0.807619,0.189844,0.001176
data/personalization/salenatang/frames/20260517_124640/salenatang_sad_1_005_1779036484215.jpg,sad,1,neutral,N/A,0,0.000428,0.000967,0.841075,0.156246,0.001283
data/personalization/salenatang/frames/20260517_124640/salenatang_sad_1_005_1779036484413.jpg,sad,1,neutral,N/A,0,0.000502,0.000971,0.869106,0.128305,0.001116
data/personalization/salenatang/frames/20260517_124640/salenatang_sad_1_005_1779036484608.jpg,sad,1,neutral,N/A,0,0.000306,0.000779,0.861740,0.135887,0.001288
data/personalization/salenatang/frames/20260517_124640/salenatang_sad_1_005_1779036484813.jpg,sad,1,neutral,N/A,0,0.000351,0.000867,0.873138,0.124043,0.001601
data/personalization/salenatang/frames/20260517_124640/salenatang_sad_1_005_1779036485009.jpg,sad,1,neutral,N/A,0,0.000326,0.000873,0.861304,0.136094,0.001404
data/personalization/salenatang/frames/20260517_124640/salenatang_sad_1_005_1779036485207.jpg,sad,1,neutral,N/A,0,0.000457,0.000852,0.853369,0.144197,0.001125
data/personalization/salenatang/frames/20260517_124640/salenatang_sad_1_005_1779036485410.jpg,sad,1,neutral,N/A,0,0.000320,0.000898,0.879968,0.117588,0.001226
data/personalization/salenatang/frames/20260517_124640/salenatang_sad_1_005_1779036485611.jpg,sad,1,neutral,N/A,0,0.000338,0.000873,0.851136,0.146139,0.001514
data/personalization/salenatang/frames/20260517_124640/salenatang_sad_1_005_1779036485813.jpg,sad,1,neutral,N/A,0,0.000389,0.000924,0.857108,0.139820,0.001760
data/personalization/salenatang/frames/20260517_124640/salenatang_sad_1_005_1779036486012.jpg,sad,1,sad,2.584,1,0.001149,0.001764,0.460868,0.534356,0.001863
data/personalization/salenatang/frames/20260517_124640/salenatang_sad_1_005_1779036486212.jpg,sad,1,neutral,N/A,0,0.000488,0.000586,0.818935,0.179048,0.000944
data/personalization/salenatang/frames/20260517_124640/salenatang_sad_1_005_1779036486413.jpg,sad,1,neutral,N/A,0,0.000379,0.000913,0.850414,0.146798,0.001496
data/personalization/salenatang/frames/20260517_124640/salenatang_sad_1_005_1779036486612.jpg,sad,1,neutral,N/A,0,0.000352,0.000828,0.844181,0.153511,0.001127
data/personalization/salenatang/frames/20260517_124640/salenatang_sad_1_005_1779036486813.jpg,sad,1,neutral,N/A,0,0.000289,0.000618,0.831947,0.166304,0.000843
data/personalization/salenatang/frames/20260517_124640/salenatang_sad_1_005_1779036487001.jpg,sad,1,neutral,N/A,0,0.000432,0.000796,0.828243,0.169266,0.001263
data/personalization/salenatang/frames/20260517_124640/salenatang_sad_1_005_1779036487201.jpg,sad,1,neutral,N/A,0,0.000325,0.000594,0.877790,0.120400,0.000892
data/personalization/salenatang/frames/20260517_124640/salenatang_sad_1_005_1779036487402.jpg,sad,1,neutral,N/A,0,0.000301,0.000625,0.871033,0.127252,0.000788
data/personalization/salenatang/frames/20260517_124640/salenatang_sad_1_005_1779036487609.jpg,sad,1,neutral,N/A,0,0.000310,0.000733,0.878072,0.119862,0.001023
data/personalization/salenatang/frames/20260517_124640/salenatang_sad_1_005_1779036487814.jpg,sad,1,neutral,N/A,0,0.000252,0.000674,0.874430,0.123697,0.000946
data/personalization/salenatang/frames/20260517_124640/salenatang_sad_1_005_1779036488010.jpg,sad,1,neutral,N/A,0,0.000310,0.000594,0.861737,0.136491,0.000868
data/personalization/salenatang/frames/20260517_124640/salenatang_sad_1_005_1779036488213.jpg,sad,1,neutral,N/A,0,0.000297,0.000672,0.895478,0.102513,0.001040
data/personalization/salenatang/frames/20260517_124640/salenatang_sad_1_005_1779036488414.jpg,sad,1,neutral,N/A,0,0.000425,0.000963,0.872248,0.124587,0.001777
data/personalization/salenatang/frames/20260517_124640/salenatang_sad_1_005_1779036488611.jpg,sad,1,neutral,N/A,0,0.000329,0.000882,0.871160,0.126301,0.001328
data/personalization/salenatang/frames/20260517_124640/salenatang_sad_1_005_1779036488815.jpg,sad,1,neutral,N/A,0,0.000323,0.000899,0.863176,0.134394,0.001208
data/personalization/salenatang/frames/20260517_124640/salenatang_sad_2_006_1779036490011.jpg,sad,2,neutral,N/A,0,0.000485,0.000863,0.861213,0.136260,0.001180
data/personalization/salenatang/frames/20260517_124640/salenatang_sad_2_006_1779036490181.jpg,sad,2,neutral,N/A,0,0.000577,0.001062,0.855376,0.141315,0.001669
data/personalization/salenatang/frames/20260517_124640/salenatang_sad_2_006_1779036490378.jpg,sad,2,neutral,N/A,0,0.000451,0.000867,0.826680,0.170707,0.001295
data/personalization/salenatang/frames/20260517_124640/salenatang_sad_2_006_1779036490581.jpg,sad,2,neutral,N/A,0,0.000454,0.000844,0.816544,0.180868,0.001289
data/personalization/salenatang/frames/20260517_124640/salenatang_sad_2_006_1779036490778.jpg,sad,2,neutral,N/A,0,0.000408,0.000696,0.795927,0.201902,0.001067
data/personalization/salenatang/frames/20260517_124640/salenatang_sad_2_006_1779036490979.jpg,sad,2,neutral,N/A,0,0.000348,0.000841,0.809269,0.188370,0.001172
data/personalization/salenatang/frames/20260517_124640/salenatang_sad_2_006_1779036491176.jpg,sad,2,neutral,N/A,0,0.000456,0.000828,0.767451,0.229976,0.001289
data/personalization/salenatang/frames/20260517_124640/salenatang_sad_2_006_1779036491376.jpg,sad,2,neutral,N/A,0,0.000405,0.000757,0.794135,0.203722,0.000981
data/personalization/salenatang/frames/20260517_124640/salenatang_sad_2_006_1779036491581.jpg,sad,2,neutral,N/A,0,0.000367,0.000700,0.814866,0.183028,0.001039
data/personalization/salenatang/frames/20260517_124640/salenatang_sad_2_006_1779036491778.jpg,sad,2,neutral,N/A,0,0.000320,0.000751,0.819494,0.178461,0.000974
data/personalization/salenatang/frames/20260517_124640/salenatang_sad_2_006_1779036491980.jpg,sad,2,neutral,N/A,0,0.000335,0.000694,0.803724,0.194303,0.000944
data/personalization/salenatang/frames/20260517_124640/salenatang_sad_2_006_1779036492180.jpg,sad,2,neutral,N/A,0,0.000294,0.000715,0.807381,0.190820,0.000790
data/personalization/salenatang/frames/20260517_124640/salenatang_sad_2_006_1779036492382.jpg,sad,2,neutral,N/A,0,0.000294,0.000761,0.820252,0.177767,0.000926
data/personalization/salenatang/frames/20260517_124640/salenatang_sad_2_006_1779036492581.jpg,sad,2,neutral,N/A,0,0.000346,0.000731,0.807730,0.190303,0.000891
data/personalization/salenatang/frames/20260517_124640/salenatang_sad_2_006_1779036492780.jpg,sad,2,neutral,N/A,0,0.000341,0.000710,0.820829,0.177173,0.000947
data/personalization/salenatang/frames/20260517_124640/salenatang_sad_2_006_1779036492978.jpg,sad,2,neutral,N/A,0,0.000391,0.000718,0.873873,0.123989,0.001028
data/personalization/salenatang/frames/20260517_124640/salenatang_sad_2_006_1779036493179.jpg,sad,2,neutral,N/A,0,0.000329,0.000815,0.823029,0.174798,0.001029
data/personalization/salenatang/frames/20260517_124640/salenatang_sad_2_006_1779036493380.jpg,sad,2,neutral,N/A,0,0.000339,0.000838,0.789694,0.208009,0.001120
data/personalization/salenatang/frames/20260517_124640/salenatang_sad_2_006_1779036493578.jpg,sad,2,neutral,N/A,0,0.000716,0.001105,0.584522,0.412198,0.001459
data/personalization/salenatang/frames/20260517_124640/salenatang_sad_2_006_1779036493778.jpg,sad,2,neutral,N/A,0,0.000347,0.000818,0.806868,0.191056,0.000912
data/personalization/salenatang/frames/20260517_124640/salenatang_sad_2_006_1779036493968.jpg,sad,2,neutral,N/A,0,0.000304,0.000605,0.832792,0.165504,0.000795
data/personalization/salenatang/frames/20260517_124640/salenatang_sad_2_006_1779036494178.jpg,sad,2,neutral,N/A,0,0.000431,0.000845,0.853884,0.143660,0.001180
data/personalization/salenatang/frames/20260517_124640/salenatang_sad_2_006_1779036494373.jpg,sad,2,neutral,N/A,0,0.000757,0.000766,0.745042,0.252465,0.000969
data/personalization/salenatang/frames/20260517_124640/salenatang_sad_2_006_1779036494569.jpg,sad,2,neutral,N/A,0,0.000416,0.000559,0.852560,0.145594,0.000870
data/personalization/salenatang/frames/20260517_124640/salenatang_sad_2_006_1779036494769.jpg,sad,2,neutral,N/A,0,0.000518,0.000785,0.873238,0.124206,0.001254
data/personalization/salenatang/frames/20260517_124640/salenatang_sad_2_006_1779036494981.jpg,sad,2,neutral,N/A,0,0.000469,0.000918,0.866786,0.130709,0.001117
data/personalization/salenatang/frames/20260517_124640/salenatang_sad_2_006_1779036495180.jpg,sad,2,neutral,N/A,0,0.000441,0.000682,0.870580,0.127241,0.001056
data/personalization/salenatang/frames/20260517_124640/salenatang_sad_2_006_1779036495376.jpg,sad,2,neutral,N/A,0,0.000620,0.000624,0.833124,0.164433,0.001199
data/personalization/salenatang/frames/20260517_124640/salenatang_sad_2_006_1779036495579.jpg,sad,2,neutral,N/A,0,0.000549,0.000459,0.884242,0.113783,0.000968
data/personalization/salenatang/frames/20260517_124640/salenatang_sad_2_006_1779036495782.jpg,sad,2,neutral,N/A,0,0.000442,0.000429,0.891500,0.106563,0.001066
data/personalization/salenatang/frames/20260517_124640/salenatang_sad_2_006_1779036495980.jpg,sad,2,neutral,N/A,0,0.000427,0.000542,0.879147,0.118917,0.000966
data/personalization/salenatang/frames/20260517_124640/salenatang_sad_3_007_1779036497414.jpg,sad,3,neutral,N/A,0,0.000494,0.000892,0.788216,0.209308,0.001090
data/personalization/salenatang/frames/20260517_124640/salenatang_sad_3_007_1779036497579.jpg,sad,3,neutral,N/A,0,0.000317,0.000669,0.837940,0.160122,0.000952
data/personalization/salenatang/frames/20260517_124640/salenatang_sad_3_007_1779036497782.jpg,sad,3,neutral,N/A,0,0.000265,0.000677,0.779974,0.218317,0.000767
data/personalization/salenatang/frames/20260517_124640/salenatang_sad_3_007_1779036497980.jpg,sad,3,neutral,N/A,0,0.000301,0.000643,0.648775,0.349382,0.000900
data/personalization/salenatang/frames/20260517_124640/salenatang_sad_3_007_1779036498179.jpg,sad,3,neutral,N/A,0,0.000405,0.000608,0.609209,0.388883,0.000895
data/personalization/salenatang/frames/20260517_124640/salenatang_sad_3_007_1779036498379.jpg,sad,3,neutral,N/A,0,0.000223,0.000535,0.681471,0.317107,0.000663
data/personalization/salenatang/frames/20260517_124640/salenatang_sad_3_007_1779036498580.jpg,sad,3,neutral,N/A,0,0.000311,0.000638,0.637296,0.361034,0.000721
data/personalization/salenatang/frames/20260517_124640/salenatang_sad_3_007_1779036498774.jpg,sad,3,neutral,N/A,0,0.000262,0.000661,0.665148,0.333189,0.000740
data/personalization/salenatang/frames/20260517_124640/salenatang_sad_3_007_1779036498979.jpg,sad,3,sad,3.786,1,0.000906,0.001335,0.230759,0.765844,0.001157
data/personalization/salenatang/frames/20260517_124640/salenatang_sad_3_007_1779036499181.jpg,sad,3,sad,4.044,1,0.000728,0.001192,0.181906,0.815461,0.000713
data/personalization/salenatang/frames/20260517_124640/salenatang_sad_3_007_1779036499381.jpg,sad,3,sad,4.280,1,0.000909,0.000948,0.136549,0.860969,0.000624
data/personalization/salenatang/frames/20260517_124640/salenatang_sad_3_007_1779036499579.jpg,sad,3,sad,2.719,1,0.000307,0.000853,0.437216,0.560898,0.000725
data/personalization/salenatang/frames/20260517_124640/salenatang_sad_3_007_1779036499781.jpg,sad,3,neutral,N/A,0,0.000253,0.000735,0.576655,0.421609,0.000748
data/personalization/salenatang/frames/20260517_124640/salenatang_sad_3_007_1779036499978.jpg,sad,3,neutral,N/A,0,0.000208,0.000732,0.685445,0.312893,0.000722
data/personalization/salenatang/frames/20260517_124640/salenatang_sad_3_007_1779036500179.jpg,sad,3,neutral,N/A,0,0.000275,0.000818,0.734465,0.263743,0.000698
data/personalization/salenatang/frames/20260517_124640/salenatang_sad_3_007_1779036500381.jpg,sad,3,neutral,N/A,0,0.000253,0.000779,0.669312,0.328637,0.001019
data/personalization/salenatang/frames/20260517_124640/salenatang_sad_3_007_1779036500581.jpg,sad,3,neutral,N/A,0,0.000390,0.000929,0.705905,0.291497,0.001279
data/personalization/salenatang/frames/20260517_124640/salenatang_sad_3_007_1779036500783.jpg,sad,3,neutral,N/A,0,0.000361,0.000846,0.707602,0.289899,0.001292
data/personalization/salenatang/frames/20260517_124640/salenatang_sad_3_007_1779036500982.jpg,sad,3,neutral,N/A,0,0.000364,0.000896,0.643524,0.353936,0.001280
data/personalization/salenatang/frames/20260517_124640/salenatang_sad_3_007_1779036501182.jpg,sad,3,neutral,N/A,0,0.000473,0.000862,0.616484,0.380321,0.001861
data/personalization/salenatang/frames/20260517_124640/salenatang_sad_3_007_1779036501368.jpg,sad,3,neutral,N/A,0,0.000448,0.000809,0.637693,0.359276,0.001773
data/personalization/salenatang/frames/20260517_124640/salenatang_sad_3_007_1779036501571.jpg,sad,3,neutral,N/A,0,0.000319,0.000861,0.739029,0.258648,0.001142
data/personalization/salenatang/frames/20260517_124640/salenatang_sad_3_007_1779036501769.jpg,sad,3,neutral,N/A,0,0.000342,0.000704,0.697082,0.300755,0.001117
data/personalization/salenatang/frames/20260517_124640/salenatang_sad_3_007_1779036501980.jpg,sad,3,neutral,N/A,0,0.000349,0.000678,0.762521,0.235433,0.001019
data/personalization/salenatang/frames/20260517_124640/salenatang_sad_3_007_1779036502181.jpg,sad,3,neutral,N/A,0,0.000300,0.000707,0.709232,0.288774,0.000985
data/personalization/salenatang/frames/20260517_124640/salenatang_sad_3_007_1779036502382.jpg,sad,3,neutral,N/A,0,0.000308,0.000674,0.759723,0.238353,0.000942
data/personalization/salenatang/frames/20260517_124640/salenatang_sad_3_007_1779036502579.jpg,sad,3,neutral,N/A,0,0.000278,0.000515,0.745440,0.253097,0.000669
data/personalization/salenatang/frames/20260517_124640/salenatang_sad_3_007_1779036502781.jpg,sad,3,neutral,N/A,0,0.000328,0.000710,0.674602,0.323262,0.001098
data/personalization/salenatang/frames/20260517_124640/salenatang_sad_3_007_1779036502980.jpg,sad,3,neutral,N/A,0,0.000272,0.000679,0.686568,0.311507,0.000974
data/personalization/salenatang/frames/20260517_124640/salenatang_sad_3_007_1779036503177.jpg,sad,3,neutral,N/A,0,0.000246,0.000576,0.599214,0.399092,0.000872
data/personalization/salenatang/frames/20260517_124640/salenatang_sad_3_007_1779036503382.jpg,sad,3,neutral,N/A,0,0.000370,0.000714,0.782593,0.215323,0.001000
data/personalization/salenatang/frames/20260517_124640/salenatang_sad_4_008_1779036504570.jpg,sad,4,sad,4.938,1,0.000488,0.000263,0.011112,0.987834,0.000302
data/personalization/salenatang/frames/20260517_124640/salenatang_sad_4_008_1779036504736.jpg,sad,4,sad,4.964,1,0.000362,0.000353,0.006206,0.992878,0.000200
data/personalization/salenatang/frames/20260517_124640/salenatang_sad_4_008_1779036504936.jpg,sad,4,sad,4.968,1,0.000247,0.000354,0.005635,0.993588,0.000176
data/personalization/salenatang/frames/20260517_124640/salenatang_sad_4_008_1779036505144.jpg,sad,4,sad,4.973,1,0.000268,0.000302,0.004535,0.994725,0.000170
data/personalization/salenatang/frames/20260517_124640/salenatang_sad_4_008_1779036505347.jpg,sad,4,sad,4.952,1,0.000238,0.000387,0.008516,0.990616,0.000243
data/personalization/salenatang/frames/20260517_124640/salenatang_sad_4_008_1779036505551.jpg,sad,4,sad,4.977,1,0.000221,0.000216,0.003874,0.995536,0.000153
data/personalization/salenatang/frames/20260517_124640/salenatang_sad_4_008_1779036505748.jpg,sad,4,sad,4.961,1,0.000207,0.000316,0.006841,0.992417,0.000219
data/personalization/salenatang/frames/20260517_124640/salenatang_sad_4_008_1779036505946.jpg,sad,4,sad,4.974,1,0.000257,0.000167,0.004602,0.994759,0.000215
data/personalization/salenatang/frames/20260517_124640/salenatang_sad_4_008_1779036506145.jpg,sad,4,sad,4.981,1,0.000276,0.000185,0.003084,0.996248,0.000207
data/personalization/salenatang/frames/20260517_124640/salenatang_sad_4_008_1779036506345.jpg,sad,4,sad,4.971,1,0.000291,0.000174,0.004974,0.994328,0.000232
data/personalization/salenatang/frames/20260517_124640/salenatang_sad_4_008_1779036506552.jpg,sad,4,sad,4.979,1,0.000188,0.000132,0.003669,0.995876,0.000136
data/personalization/salenatang/frames/20260517_124640/salenatang_sad_4_008_1779036506745.jpg,sad,4,sad,4.922,1,0.000253,0.000214,0.014421,0.984832,0.000280
data/personalization/salenatang/frames/20260517_124640/salenatang_sad_4_008_1779036506945.jpg,sad,4,sad,4.943,1,0.000189,0.000174,0.010595,0.988848,0.000194
data/personalization/salenatang/frames/20260517_124640/salenatang_sad_4_008_1779036507150.jpg,sad,4,sad,4.945,1,0.000286,0.000172,0.010069,0.989199,0.000274
data/personalization/salenatang/frames/20260517_124640/salenatang_sad_4_008_1779036507340.jpg,sad,4,sad,4.928,1,0.000355,0.000176,0.013143,0.985973,0.000354
data/personalization/salenatang/frames/20260517_124640/salenatang_sad_4_008_1779036507551.jpg,sad,4,sad,4.930,1,0.000302,0.000204,0.012860,0.986318,0.000316
data/personalization/salenatang/frames/20260517_124640/salenatang_sad_4_008_1779036507746.jpg,sad,4,sad,4.859,1,0.000314,0.000241,0.026346,0.972715,0.000384
data/personalization/salenatang/frames/20260517_124640/salenatang_sad_4_008_1779036507948.jpg,sad,4,sad,4.857,1,0.000250,0.000197,0.026882,0.972341,0.000330
data/personalization/salenatang/frames/20260517_124640/salenatang_sad_4_008_1779036508150.jpg,sad,4,sad,4.849,1,0.000225,0.000145,0.028403,0.970871,0.000356
data/personalization/salenatang/frames/20260517_124640/salenatang_sad_4_008_1779036508344.jpg,sad,4,sad,4.944,1,0.000373,0.000134,0.010160,0.989150,0.000182
data/personalization/salenatang/frames/20260517_124640/salenatang_sad_4_008_1779036508552.jpg,sad,4,sad,4.787,1,0.000243,0.000220,0.040255,0.958946,0.000336
data/personalization/salenatang/frames/20260517_124640/salenatang_sad_4_008_1779036508749.jpg,sad,4,sad,4.771,1,0.000320,0.000217,0.043136,0.955808,0.000519
data/personalization/salenatang/frames/20260517_124640/salenatang_sad_4_008_1779036508944.jpg,sad,4,sad,4.717,1,0.000261,0.000227,0.053693,0.945345,0.000474
data/personalization/salenatang/frames/20260517_124640/salenatang_sad_4_008_1779036509144.jpg,sad,4,sad,4.627,1,0.000247,0.000418,0.070858,0.927952,0.000525
data/personalization/salenatang/frames/20260517_124640/salenatang_sad_4_008_1779036509351.jpg,sad,4,sad,4.591,1,0.000295,0.000292,0.077745,0.921078,0.000590
data/personalization/salenatang/frames/20260517_124640/salenatang_sad_4_008_1779036509544.jpg,sad,4,sad,4.641,1,0.000291,0.000421,0.068079,0.930608,0.000602
data/personalization/salenatang/frames/20260517_124640/salenatang_sad_4_008_1779036509737.jpg,sad,4,sad,4.632,1,0.000257,0.000334,0.069986,0.928897,0.000526
data/personalization/salenatang/frames/20260517_124640/salenatang_sad_4_008_1779036509939.jpg,sad,4,sad,4.604,1,0.000272,0.000387,0.075206,0.923640,0.000495
data/personalization/salenatang/frames/20260517_124640/salenatang_sad_4_008_1779036510148.jpg,sad,4,sad,4.868,1,0.000219,0.000157,0.024948,0.974416,0.000260
data/personalization/salenatang/frames/20260517_124640/salenatang_sad_4_008_1779036510349.jpg,sad,4,sad,4.909,1,0.000285,0.000109,0.016957,0.982387,0.000262
data/personalization/salenatang/frames/20260517_124640/salenatang_sad_4_008_1779036510552.jpg,sad,4,sad,4.891,1,0.000293,0.000115,0.020412,0.978873,0.000307
data/personalization/salenatang/frames/20260517_124640/salenatang_sad_5_009_1779036511817.jpg,sad,5,sad,4.956,1,0.000251,0.000137,0.007989,0.991482,0.000141
data/personalization/salenatang/frames/20260517_124640/salenatang_sad_5_009_1779036511986.jpg,sad,5,sad,4.995,1,0.000432,0.000177,0.000515,0.998824,0.000052
data/personalization/salenatang/frames/20260517_124640/salenatang_sad_5_009_1779036512179.jpg,sad,5,sad,4.992,1,0.000795,0.000201,0.000620,0.998313,0.000072
data/personalization/salenatang/frames/20260517_124640/salenatang_sad_5_009_1779036512383.jpg,sad,5,sad,4.994,1,0.000780,0.000184,0.000294,0.998689,0.000053
data/personalization/salenatang/frames/20260517_124640/salenatang_sad_5_009_1779036512580.jpg,sad,5,sad,4.995,1,0.000652,0.000171,0.000294,0.998838,0.000045
data/personalization/salenatang/frames/20260517_124640/salenatang_sad_5_009_1779036512781.jpg,sad,5,sad,4.995,1,0.000583,0.000192,0.000210,0.998981,0.000033
data/personalization/salenatang/frames/20260517_124640/salenatang_sad_5_009_1779036512984.jpg,sad,5,sad,4.995,1,0.000544,0.000174,0.000242,0.999001,0.000040
data/personalization/salenatang/frames/20260517_124640/salenatang_sad_5_009_1779036513180.jpg,sad,5,sad,4.994,1,0.000838,0.000161,0.000271,0.998692,0.000038
data/personalization/salenatang/frames/20260517_124640/salenatang_sad_5_009_1779036513379.jpg,sad,5,sad,4.995,1,0.000533,0.000128,0.000375,0.998921,0.000043
data/personalization/salenatang/frames/20260517_124640/salenatang_sad_5_009_1779036513583.jpg,sad,5,sad,4.993,1,0.000804,0.000136,0.000468,0.998532,0.000060
data/personalization/salenatang/frames/20260517_124640/salenatang_sad_5_009_1779036513784.jpg,sad,5,sad,4.995,1,0.000470,0.000148,0.000396,0.998938,0.000048
data/personalization/salenatang/frames/20260517_124640/salenatang_sad_5_009_1779036513982.jpg,sad,5,sad,4.995,1,0.000465,0.000163,0.000515,0.998800,0.000057
data/personalization/salenatang/frames/20260517_124640/salenatang_sad_5_009_1779036514182.jpg,sad,5,sad,4.993,1,0.000517,0.000123,0.000824,0.998463,0.000074
data/personalization/salenatang/frames/20260517_124640/salenatang_sad_5_009_1779036514383.jpg,sad,5,sad,4.993,1,0.000469,0.000130,0.000829,0.998501,0.000072
data/personalization/salenatang/frames/20260517_124640/salenatang_sad_5_009_1779036514584.jpg,sad,5,sad,4.995,1,0.000352,0.000122,0.000571,0.998905,0.000051
data/personalization/salenatang/frames/20260517_124640/salenatang_sad_5_009_1779036514781.jpg,sad,5,sad,4.992,1,0.000522,0.000124,0.001034,0.998242,0.000078
data/personalization/salenatang/frames/20260517_124640/salenatang_sad_5_009_1779036514981.jpg,sad,5,sad,4.990,1,0.000447,0.000155,0.001457,0.997848,0.000092
data/personalization/salenatang/frames/20260517_124640/salenatang_sad_5_009_1779036515182.jpg,sad,5,sad,4.991,1,0.000441,0.000135,0.001244,0.998106,0.000074
data/personalization/salenatang/frames/20260517_124640/salenatang_sad_5_009_1779036515383.jpg,sad,5,sad,4.986,1,0.000425,0.000162,0.002161,0.997117,0.000135
data/personalization/salenatang/frames/20260517_124640/salenatang_sad_5_009_1779036515582.jpg,sad,5,sad,4.980,1,0.000580,0.000154,0.003213,0.995895,0.000158
data/personalization/salenatang/frames/20260517_124640/salenatang_sad_5_009_1779036515782.jpg,sad,5,sad,4.990,1,0.000330,0.000117,0.001444,0.998032,0.000078
data/personalization/salenatang/frames/20260517_124640/salenatang_sad_5_009_1779036515983.jpg,sad,5,sad,4.989,1,0.000338,0.000131,0.001648,0.997799,0.000083
data/personalization/salenatang/frames/20260517_124640/salenatang_sad_5_009_1779036516185.jpg,sad,5,sad,4.991,1,0.000382,0.000127,0.001364,0.998046,0.000082
data/personalization/salenatang/frames/20260517_124640/salenatang_sad_5_009_1779036516382.jpg,sad,5,sad,4.989,1,0.000307,0.000111,0.001723,0.997762,0.000097
data/personalization/salenatang/frames/20260517_124640/salenatang_sad_5_009_1779036516584.jpg,sad,5,sad,4.991,1,0.000321,0.000109,0.001409,0.998073,0.000088
data/personalization/salenatang/frames/20260517_124640/salenatang_sad_5_009_1779036516779.jpg,sad,5,sad,4.989,1,0.000291,0.000117,0.001726,0.997783,0.000082
data/personalization/salenatang/frames/20260517_124640/salenatang_sad_5_009_1779036516985.jpg,sad,5,sad,4.989,1,0.000276,0.000100,0.001709,0.997833,0.000082
data/personalization/salenatang/frames/20260517_124640/salenatang_sad_5_009_1779036517185.jpg,sad,5,sad,4.990,1,0.000424,0.000127,0.001466,0.997880,0.000104
data/personalization/salenatang/frames/20260517_124640/salenatang_sad_5_009_1779036517385.jpg,sad,5,sad,4.993,1,0.000460,0.000116,0.000916,0.998417,0.000092
data/personalization/salenatang/frames/20260517_124640/salenatang_sad_5_009_1779036517575.jpg,sad,5,sad,4.993,1,0.000437,0.000143,0.000798,0.998541,0.000082
data/personalization/salenatang/frames/20260517_124640/salenatang_sad_5_009_1779036517781.jpg,sad,5,sad,4.990,1,0.000505,0.000137,0.001333,0.997919,0.000106
data/personalization/salenatang/frames/20260517_124640/salenatang_angry_1_010_1779036519782.jpg,angry,1,sad,4.037,0,0.000596,0.001017,0.183281,0.814216,0.000890
data/personalization/salenatang/frames/20260517_124640/salenatang_angry_1_010_1779036519944.jpg,angry,1,neutral,N/A,0,0.000402,0.001061,0.549116,0.448569,0.000853
data/personalization/salenatang/frames/20260517_124640/salenatang_angry_1_010_1779036520146.jpg,angry,1,sad,3.376,0,0.000465,0.000808,0.310359,0.687151,0.001217
data/personalization/salenatang/frames/20260517_124640/salenatang_angry_1_010_1779036520351.jpg,angry,1,sad,3.709,0,0.000487,0.000715,0.246552,0.751234,0.001013
data/personalization/salenatang/frames/20260517_124640/salenatang_angry_1_010_1779036520548.jpg,angry,1,neutral,N/A,0,0.000523,0.001358,0.517430,0.479273,0.001416
data/personalization/salenatang/frames/20260517_124640/salenatang_angry_1_010_1779036520739.jpg,angry,1,neutral,N/A,0,0.000377,0.000783,0.527656,0.470128,0.001055
data/personalization/salenatang/frames/20260517_124640/salenatang_angry_1_010_1779036520939.jpg,angry,1,sad,2.626,0,0.000599,0.000764,0.454745,0.542843,0.001050
data/personalization/salenatang/frames/20260517_124640/salenatang_angry_1_010_1779036521148.jpg,angry,1,sad,2.636,0,0.000449,0.000765,0.452845,0.544862,0.001080
data/personalization/salenatang/frames/20260517_124640/salenatang_angry_1_010_1779036521348.jpg,angry,1,sad,3.014,0,0.000632,0.000845,0.379926,0.617555,0.001042
data/personalization/salenatang/frames/20260517_124640/salenatang_angry_1_010_1779036521550.jpg,angry,1,sad,3.319,0,0.000386,0.000680,0.321714,0.676264,0.000956
data/personalization/salenatang/frames/20260517_124640/salenatang_angry_1_010_1779036521747.jpg,angry,1,sad,3.267,0,0.000604,0.000714,0.331580,0.666115,0.000986
data/personalization/salenatang/frames/20260517_124640/salenatang_angry_1_010_1779036521950.jpg,angry,1,sad,3.642,0,0.000672,0.000762,0.259230,0.738386,0.000951
data/personalization/salenatang/frames/20260517_124640/salenatang_angry_1_010_1779036522148.jpg,angry,1,sad,4.233,0,0.000850,0.000719,0.145563,0.851917,0.000951
data/personalization/salenatang/frames/20260517_124640/salenatang_angry_1_010_1779036522345.jpg,angry,1,sad,4.333,0,0.001110,0.000664,0.126098,0.871172,0.000956
data/personalization/salenatang/frames/20260517_124640/salenatang_angry_1_010_1779036522550.jpg,angry,1,sad,4.058,0,0.001290,0.000923,0.178542,0.818133,0.001112
data/personalization/salenatang/frames/20260517_124640/salenatang_angry_1_010_1779036522751.jpg,angry,1,sad,4.207,0,0.001421,0.000759,0.149971,0.846840,0.001009
data/personalization/salenatang/frames/20260517_124640/salenatang_angry_1_010_1779036522949.jpg,angry,1,sad,4.482,0,0.001008,0.000469,0.097856,0.899872,0.000794
data/personalization/salenatang/frames/20260517_124640/salenatang_angry_1_010_1779036523146.jpg,angry,1,sad,4.930,0,0.001131,0.000211,0.012136,0.986197,0.000324
data/personalization/salenatang/frames/20260517_124640/salenatang_angry_1_010_1779036523347.jpg,angry,1,sad,4.573,0,0.002302,0.000480,0.078478,0.916909,0.001831
data/personalization/salenatang/frames/20260517_124640/salenatang_angry_1_010_1779036523551.jpg,angry,1,sad,4.741,0,0.002900,0.000337,0.046167,0.949191,0.001405
data/personalization/salenatang/frames/20260517_124640/salenatang_angry_1_010_1779036523747.jpg,angry,1,sad,4.715,0,0.001985,0.000309,0.052011,0.944247,0.001448
data/personalization/salenatang/frames/20260517_124640/salenatang_angry_1_010_1779036523951.jpg,angry,1,sad,4.355,0,0.002776,0.000505,0.119872,0.874727,0.002119
data/personalization/salenatang/frames/20260517_124640/salenatang_angry_1_010_1779036524145.jpg,angry,1,sad,4.627,0,0.001890,0.000403,0.068889,0.927431,0.001386
data/personalization/salenatang/frames/20260517_124640/salenatang_angry_1_010_1779036524349.jpg,angry,1,sad,4.301,0,0.001209,0.000644,0.131882,0.864710,0.001556
data/personalization/salenatang/frames/20260517_124640/salenatang_angry_1_010_1779036524550.jpg,angry,1,sad,3.708,0,0.001283,0.000716,0.245344,0.750520,0.002138
data/personalization/salenatang/frames/20260517_124640/salenatang_angry_1_010_1779036524747.jpg,angry,1,sad,3.364,0,0.001085,0.000913,0.311186,0.684275,0.002542
data/personalization/salenatang/frames/20260517_124640/salenatang_angry_1_010_1779036524952.jpg,angry,1,sad,3.813,0,0.000887,0.000689,0.225621,0.771051,0.001753
data/personalization/salenatang/frames/20260517_124640/salenatang_angry_1_010_1779036525149.jpg,angry,1,sad,2.881,0,0.001050,0.000901,0.404390,0.591597,0.002062
data/personalization/salenatang/frames/20260517_124640/salenatang_angry_1_010_1779036525348.jpg,angry,1,sad,3.419,0,0.001273,0.000795,0.300839,0.695120,0.001973
data/personalization/salenatang/frames/20260517_124640/salenatang_angry_1_010_1779036525553.jpg,angry,1,sad,3.385,0,0.000860,0.000896,0.307677,0.688616,0.001951
data/personalization/salenatang/frames/20260517_124640/salenatang_angry_1_010_1779036525746.jpg,angry,1,sad,3.416,0,0.000775,0.000686,0.302301,0.694795,0.001444
data/personalization/salenatang/frames/20260517_124640/salenatang_angry_2_011_1779036526507.jpg,angry,2,sad,2.836,0,0.000738,0.000716,0.413932,0.583234,0.001380
data/personalization/salenatang/frames/20260517_124640/salenatang_angry_2_011_1779036526672.jpg,angry,2,sad,3.429,0,0.000762,0.000652,0.299925,0.697209,0.001452
data/personalization/salenatang/frames/20260517_124640/salenatang_angry_2_011_1779036526873.jpg,angry,2,sad,3.454,0,0.000795,0.000644,0.294890,0.702069,0.001602
data/personalization/salenatang/frames/20260517_124640/salenatang_angry_2_011_1779036527081.jpg,angry,2,sad,3.102,0,0.000857,0.000930,0.362205,0.634048,0.001960
data/personalization/salenatang/frames/20260517_124640/salenatang_angry_2_011_1779036527283.jpg,angry,2,sad,3.306,0,0.000941,0.000809,0.323139,0.673467,0.001644
data/personalization/salenatang/frames/20260517_124640/salenatang_angry_2_011_1779036527482.jpg,angry,2,sad,3.486,0,0.001053,0.000678,0.288525,0.708049,0.001694
data/personalization/salenatang/frames/20260517_124640/salenatang_angry_2_011_1779036527684.jpg,angry,2,sad,3.524,0,0.001209,0.000854,0.281095,0.715212,0.001630
data/personalization/salenatang/frames/20260517_124640/salenatang_angry_2_011_1779036527883.jpg,angry,2,sad,4.326,0,0.002275,0.000599,0.126051,0.869409,0.001666
data/personalization/salenatang/frames/20260517_124640/salenatang_angry_2_011_1779036528082.jpg,angry,2,sad,4.308,0,0.002442,0.000611,0.129246,0.865806,0.001896
data/personalization/salenatang/frames/20260517_124640/salenatang_angry_2_011_1779036528282.jpg,angry,2,sad,4.271,0,0.002638,0.000560,0.136110,0.858659,0.002033
data/personalization/salenatang/frames/20260517_124640/salenatang_angry_2_011_1779036528479.jpg,angry,2,sad,4.252,0,0.008271,0.000772,0.133330,0.852877,0.004750
data/personalization/salenatang/frames/20260517_124640/salenatang_angry_2_011_1779036528681.jpg,angry,2,sad,4.131,0,0.008191,0.000757,0.156498,0.829762,0.004793
data/personalization/salenatang/frames/20260517_124640/salenatang_angry_2_011_1779036528881.jpg,angry,2,sad,4.408,0,0.002869,0.000593,0.109891,0.885063,0.001584
data/personalization/salenatang/frames/20260517_124640/salenatang_angry_2_011_1779036529082.jpg,angry,2,sad,4.636,0,0.002172,0.000454,0.066938,0.929187,0.001248
data/personalization/salenatang/frames/20260517_124640/salenatang_angry_2_011_1779036529286.jpg,angry,2,sad,4.675,0,0.002132,0.000360,0.059819,0.936662,0.001026
data/personalization/salenatang/frames/20260517_124640/salenatang_angry_2_011_1779036529484.jpg,angry,2,sad,4.449,0,0.001662,0.000339,0.103651,0.893271,0.001077
data/personalization/salenatang/frames/20260517_124640/salenatang_angry_2_011_1779036529680.jpg,angry,2,sad,4.742,0,0.001185,0.000339,0.047825,0.949935,0.000716
data/personalization/salenatang/frames/20260517_124640/salenatang_angry_2_011_1779036529883.jpg,angry,2,sad,4.591,0,0.001283,0.000323,0.076783,0.920836,0.000774
data/personalization/salenatang/frames/20260517_124640/salenatang_angry_2_011_1779036530080.jpg,angry,2,sad,4.654,0,0.001125,0.000336,0.064737,0.933032,0.000770
data/personalization/salenatang/frames/20260517_124640/salenatang_angry_2_011_1779036530284.jpg,angry,2,sad,4.244,0,0.001760,0.000606,0.142428,0.853675,0.001530
data/personalization/salenatang/frames/20260517_124640/salenatang_angry_2_011_1779036530487.jpg,angry,2,sad,4.630,0,0.001168,0.000338,0.069265,0.928299,0.000930
data/personalization/salenatang/frames/20260517_124640/salenatang_angry_2_011_1779036530684.jpg,angry,2,sad,4.440,0,0.001239,0.000448,0.105508,0.891679,0.001126
data/personalization/salenatang/frames/20260517_124640/salenatang_angry_2_011_1779036530883.jpg,angry,2,sad,4.189,0,0.001415,0.000478,0.153511,0.843183,0.001413
data/personalization/salenatang/frames/20260517_124640/salenatang_angry_2_011_1779036531084.jpg,angry,2,sad,3.949,0,0.001862,0.000672,0.198650,0.796888,0.001928
data/personalization/salenatang/frames/20260517_124640/salenatang_angry_2_011_1779036531282.jpg,angry,2,sad,4.070,0,0.001080,0.000597,0.176358,0.820492,0.001474
data/personalization/salenatang/frames/20260517_124640/salenatang_angry_2_011_1779036531485.jpg,angry,2,sad,4.233,0,0.001127,0.000498,0.145193,0.851819,0.001364
data/personalization/salenatang/frames/20260517_124640/salenatang_angry_2_011_1779036531683.jpg,angry,2,sad,4.194,0,0.001084,0.000501,0.152679,0.844352,0.001385
data/personalization/salenatang/frames/20260517_124640/salenatang_angry_2_011_1779036531882.jpg,angry,2,sad,4.106,0,0.001148,0.000537,0.169498,0.827456,0.001362
data/personalization/salenatang/frames/20260517_124640/salenatang_angry_2_011_1779036532083.jpg,angry,2,sad,4.098,0,0.001859,0.000574,0.170119,0.825598,0.001850
data/personalization/salenatang/frames/20260517_124640/salenatang_angry_2_011_1779036532281.jpg,angry,2,sad,3.930,0,0.000964,0.000562,0.203334,0.793609,0.001532
data/personalization/salenatang/frames/20260517_124640/salenatang_angry_2_011_1779036532486.jpg,angry,2,sad,4.132,0,0.001071,0.000487,0.164553,0.832435,0.001454
data/personalization/salenatang/frames/20260517_124640/salenatang_angry_3_012_1779036533908.jpg,angry,3,sad,2.682,0,0.002557,0.000976,0.440231,0.552451,0.003784
data/personalization/salenatang/frames/20260517_124640/salenatang_angry_3_012_1779036534082.jpg,angry,3,sad,2.786,0,0.002674,0.001410,0.418646,0.572115,0.005154
data/personalization/salenatang/frames/20260517_124640/salenatang_angry_3_012_1779036534285.jpg,angry,3,sad,3.877,0,0.001125,0.000708,0.213425,0.783359,0.001382
data/personalization/salenatang/frames/20260517_124640/salenatang_angry_3_012_1779036534486.jpg,angry,3,sad,4.141,0,0.002157,0.000620,0.161376,0.833715,0.002133
data/personalization/salenatang/frames/20260517_124640/salenatang_angry_3_012_1779036534684.jpg,angry,3,sad,4.306,0,0.005525,0.000564,0.126240,0.864251,0.003419
data/personalization/salenatang/frames/20260517_124640/salenatang_angry_3_012_1779036534884.jpg,angry,3,sad,3.881,0,0.006952,0.000597,0.205799,0.781950,0.004702
data/personalization/salenatang/frames/20260517_124640/salenatang_angry_3_012_1779036535081.jpg,angry,3,sad,4.160,0,0.018850,0.000728,0.138919,0.831683,0.009820
data/personalization/salenatang/frames/20260517_124640/salenatang_angry_3_012_1779036535287.jpg,angry,3,sad,4.094,0,0.017118,0.000715,0.154720,0.819810,0.007637
data/personalization/salenatang/frames/20260517_124640/salenatang_angry_3_012_1779036535484.jpg,angry,3,sad,4.052,0,0.013804,0.000590,0.167348,0.813125,0.005133
data/personalization/salenatang/frames/20260517_124640/salenatang_angry_3_012_1779036535680.jpg,angry,3,sad,3.870,0,0.003991,0.000551,0.212138,0.781122,0.002199
data/personalization/salenatang/frames/20260517_124640/salenatang_angry_3_012_1779036535875.jpg,angry,3,sad,3.825,0,0.002757,0.000703,0.221798,0.772795,0.001947
data/personalization/salenatang/frames/20260517_124640/salenatang_angry_3_012_1779036536073.jpg,angry,3,sad,4.410,0,0.002900,0.000404,0.109548,0.885412,0.001736
data/personalization/salenatang/frames/20260517_124640/salenatang_angry_3_012_1779036536274.jpg,angry,3,sad,4.137,0,0.002427,0.000438,0.162248,0.833037,0.001850
data/personalization/salenatang/frames/20260517_124640/salenatang_angry_3_012_1779036536483.jpg,angry,3,sad,4.139,0,0.002556,0.000512,0.161623,0.833263,0.002046
data/personalization/salenatang/frames/20260517_124640/salenatang_angry_3_012_1779036536679.jpg,angry,3,sad,4.384,0,0.002037,0.000403,0.115623,0.880581,0.001356
data/personalization/salenatang/frames/20260517_124640/salenatang_angry_3_012_1779036536886.jpg,angry,3,sad,4.323,0,0.001583,0.000472,0.127692,0.868958,0.001295
data/personalization/salenatang/frames/20260517_124640/salenatang_angry_3_012_1779036537082.jpg,angry,3,sad,4.439,0,0.001600,0.000433,0.105412,0.891344,0.001211
data/personalization/salenatang/frames/20260517_124640/salenatang_angry_3_012_1779036537286.jpg,angry,3,sad,4.249,0,0.001782,0.000564,0.141527,0.854739,0.001388
data/personalization/salenatang/frames/20260517_124640/salenatang_angry_3_012_1779036537487.jpg,angry,3,sad,4.302,0,0.001932,0.000494,0.131349,0.864889,0.001337
data/personalization/salenatang/frames/20260517_124640/salenatang_angry_3_012_1779036537683.jpg,angry,3,sad,4.056,0,0.002105,0.000641,0.178111,0.817315,0.001829
data/personalization/salenatang/frames/20260517_124640/salenatang_angry_3_012_1779036537883.jpg,angry,3,sad,4.069,0,0.001875,0.000530,0.175936,0.820109,0.001549
data/personalization/salenatang/frames/20260517_124640/salenatang_angry_3_012_1779036538083.jpg,angry,3,sad,3.855,0,0.001621,0.000596,0.217075,0.778942,0.001765
data/personalization/salenatang/frames/20260517_124640/salenatang_angry_3_012_1779036538281.jpg,angry,3,sad,4.132,0,0.001488,0.000560,0.164109,0.832145,0.001699
data/personalization/salenatang/frames/20260517_124640/salenatang_angry_3_012_1779036538488.jpg,angry,3,sad,3.627,0,0.001386,0.000666,0.260963,0.735033,0.001951
data/personalization/salenatang/frames/20260517_124640/salenatang_angry_3_012_1779036538683.jpg,angry,3,sad,4.136,0,0.002208,0.000437,0.162869,0.832772,0.001715
data/personalization/salenatang/frames/20260517_124640/salenatang_angry_3_012_1779036538884.jpg,angry,3,sad,3.867,0,0.001627,0.000585,0.215125,0.781207,0.001456
data/personalization/salenatang/frames/20260517_124640/salenatang_angry_3_012_1779036539087.jpg,angry,3,sad,3.951,0,0.001989,0.000512,0.198349,0.797146,0.002004
data/personalization/salenatang/frames/20260517_124640/salenatang_angry_3_012_1779036539284.jpg,angry,3,sad,4.340,0,0.004010,0.000539,0.121768,0.871627,0.002057
data/personalization/salenatang/frames/20260517_124640/salenatang_angry_3_012_1779036539485.jpg,angry,3,sad,4.516,0,0.004528,0.000480,0.087785,0.905404,0.001802
data/personalization/salenatang/frames/20260517_124640/salenatang_angry_3_012_1779036539683.jpg,angry,3,sad,4.407,0,0.006099,0.000527,0.107486,0.883930,0.001957
data/personalization/salenatang/frames/20260517_124640/salenatang_angry_3_012_1779036539884.jpg,angry,3,sad,3.668,0,0.004452,0.000659,0.250414,0.742019,0.002457
data/personalization/salenatang/frames/20260517_124640/salenatang_angry_4_013_1779036541208.jpg,angry,4,sad,3.849,0,0.090577,0.000882,0.139911,0.754100,0.014531
data/personalization/salenatang/frames/20260517_124640/salenatang_angry_4_013_1779036541374.jpg,angry,4,sad,4.210,0,0.067397,0.000725,0.091037,0.829928,0.010913
data/personalization/salenatang/frames/20260517_124640/salenatang_angry_4_013_1779036541575.jpg,angry,4,sad,4.552,0,0.036952,0.000454,0.051593,0.903500,0.007500
data/personalization/salenatang/frames/20260517_124640/salenatang_angry_4_013_1779036541786.jpg,angry,4,sad,4.595,0,0.031268,0.000396,0.047176,0.912995,0.008165
data/personalization/salenatang/frames/20260517_124640/salenatang_angry_4_013_1779036541984.jpg,angry,4,sad,4.526,0,0.048031,0.000404,0.046039,0.896014,0.009512
data/personalization/salenatang/frames/20260517_124640/salenatang_angry_4_013_1779036542183.jpg,angry,4,sad,4.453,0,0.032753,0.000435,0.072881,0.885189,0.008741
data/personalization/salenatang/frames/20260517_124640/salenatang_angry_4_013_1779036542385.jpg,angry,4,sad,4.840,0,0.002439,0.000216,0.028145,0.968529,0.000670
data/personalization/salenatang/frames/20260517_124640/salenatang_angry_4_013_1779036542585.jpg,angry,4,sad,4.591,0,0.003541,0.000337,0.074759,0.920110,0.001254
data/personalization/salenatang/frames/20260517_124640/salenatang_angry_4_013_1779036542784.jpg,angry,4,sad,4.771,0,0.002798,0.000243,0.040972,0.955063,0.000924
data/personalization/salenatang/frames/20260517_124640/salenatang_angry_4_013_1779036542986.jpg,angry,4,sad,4.675,0,0.002687,0.000271,0.059558,0.936554,0.000931
data/personalization/salenatang/frames/20260517_124640/salenatang_angry_4_013_1779036543185.jpg,angry,4,sad,4.573,0,0.004958,0.000331,0.076820,0.916211,0.001680
data/personalization/salenatang/frames/20260517_124640/salenatang_angry_4_013_1779036543389.jpg,angry,4,sad,4.405,0,0.003376,0.000426,0.110154,0.884299,0.001745
data/personalization/salenatang/frames/20260517_124640/salenatang_angry_4_013_1779036543583.jpg,angry,4,sad,4.424,0,0.002540,0.000395,0.107507,0.888327,0.001231
data/personalization/salenatang/frames/20260517_124640/salenatang_angry_4_013_1779036543782.jpg,angry,4,sad,4.729,0,0.002888,0.000270,0.049114,0.946866,0.000861
data/personalization/salenatang/frames/20260517_124640/salenatang_angry_4_013_1779036543984.jpg,angry,4,sad,4.674,0,0.002615,0.000311,0.059737,0.936407,0.000931
data/personalization/salenatang/frames/20260517_124640/salenatang_angry_4_013_1779036544185.jpg,angry,4,sad,4.370,0,0.002505,0.000474,0.117879,0.877914,0.001228
data/personalization/salenatang/frames/20260517_124640/salenatang_angry_4_013_1779036544379.jpg,angry,4,sad,4.938,0,0.003015,0.000221,0.009026,0.987301,0.000437
data/personalization/salenatang/frames/20260517_124640/salenatang_angry_4_013_1779036544573.jpg,angry,4,sad,4.714,0,0.001863,0.000274,0.052832,0.944296,0.000735
data/personalization/salenatang/frames/20260517_124640/salenatang_angry_4_013_1779036544774.jpg,angry,4,sad,4.416,0,0.002135,0.000406,0.109345,0.886787,0.001326
data/personalization/salenatang/frames/20260517_124640/salenatang_angry_4_013_1779036544973.jpg,angry,4,sad,4.277,0,0.003640,0.000386,0.134724,0.859646,0.001604
data/personalization/salenatang/frames/20260517_124640/salenatang_angry_4_013_1779036545183.jpg,angry,4,sad,4.464,0,0.002615,0.000411,0.099562,0.895886,0.001527
data/personalization/salenatang/frames/20260517_124640/salenatang_angry_4_013_1779036545387.jpg,angry,4,sad,4.311,0,0.002927,0.000483,0.128775,0.866436,0.001379
data/personalization/salenatang/frames/20260517_124640/salenatang_angry_4_013_1779036545574.jpg,angry,4,sad,4.438,0,0.002028,0.000429,0.105086,0.891004,0.001452
data/personalization/salenatang/frames/20260517_124640/salenatang_angry_4_013_1779036545775.jpg,angry,4,sad,4.395,0,0.001940,0.000464,0.113533,0.882781,0.001282
data/personalization/salenatang/frames/20260517_124640/salenatang_angry_4_013_1779036545980.jpg,angry,4,sad,4.419,0,0.002633,0.000429,0.108259,0.887130,0.001549
data/personalization/salenatang/frames/20260517_124640/salenatang_angry_4_013_1779036546185.jpg,angry,4,sad,4.097,0,0.002856,0.000540,0.169581,0.825170,0.001854
data/personalization/salenatang/frames/20260517_124640/salenatang_angry_4_013_1779036546389.jpg,angry,4,sad,3.625,0,0.002170,0.000692,0.260923,0.734622,0.001593
data/personalization/salenatang/frames/20260517_124640/salenatang_angry_4_013_1779036546582.jpg,angry,4,sad,4.264,0,0.002183,0.000493,0.138305,0.857439,0.001580
data/personalization/salenatang/frames/20260517_124640/salenatang_angry_4_013_1779036546782.jpg,angry,4,sad,4.182,0,0.003467,0.000402,0.153036,0.841521,0.001573
data/personalization/salenatang/frames/20260517_124640/salenatang_angry_4_013_1779036546984.jpg,angry,4,sad,4.043,0,0.001437,0.000480,0.181610,0.815118,0.001355
data/personalization/salenatang/frames/20260517_124640/salenatang_angry_4_013_1779036547185.jpg,angry,4,sad,3.878,0,0.003226,0.000601,0.211057,0.782880,0.002236
data/personalization/salenatang/frames/20260517_124640/salenatang_angry_5_014_1779036548318.jpg,angry,5,sad,4.135,0,0.091754,0.000874,0.086414,0.811380,0.009577
data/personalization/salenatang/frames/20260517_124640/salenatang_angry_5_014_1779036548489.jpg,angry,5,sad,2.532,0,0.450551,0.001698,0.022501,0.518108,0.007141
data/personalization/salenatang/frames/20260517_124640/salenatang_angry_5_014_1779036548680.jpg,angry,5,angry,2.652,1,0.541542,0.001189,0.018541,0.428321,0.010407
data/personalization/salenatang/frames/20260517_124640/salenatang_angry_5_014_1779036548884.jpg,angry,5,sad,2.734,0,0.413107,0.000949,0.019339,0.557544,0.009061
data/personalization/salenatang/frames/20260517_124640/salenatang_angry_5_014_1779036549085.jpg,angry,5,sad,2.880,0,0.389536,0.001148,0.014975,0.586823,0.007518
data/personalization/salenatang/frames/20260517_124640/salenatang_angry_5_014_1779036549284.jpg,angry,5,sad,3.190,0,0.324997,0.001437,0.019384,0.644886,0.009296
data/personalization/salenatang/frames/20260517_124640/salenatang_angry_5_014_1779036549484.jpg,angry,5,sad,3.530,0,0.256701,0.001333,0.020715,0.709463,0.011788
data/personalization/salenatang/frames/20260517_124640/salenatang_angry_5_014_1779036549682.jpg,angry,5,sad,4.239,0,0.123373,0.001305,0.017524,0.846826,0.010974
data/personalization/salenatang/frames/20260517_124640/salenatang_angry_5_014_1779036549887.jpg,angry,5,sad,3.904,0,0.174908,0.001504,0.026464,0.778512,0.018612
data/personalization/salenatang/frames/20260517_124640/salenatang_angry_5_014_1779036550087.jpg,angry,5,sad,3.886,0,0.164084,0.001248,0.036957,0.770757,0.026954
data/personalization/salenatang/frames/20260517_124640/salenatang_angry_5_014_1779036550286.jpg,angry,5,sad,3.677,0,0.166217,0.001139,0.061271,0.719237,0.052136
data/personalization/salenatang/frames/20260517_124640/salenatang_angry_5_014_1779036550489.jpg,angry,5,sad,3.154,0,0.175116,0.001570,0.119117,0.590939,0.113257
data/personalization/salenatang/frames/20260517_124640/salenatang_angry_5_014_1779036550681.jpg,angry,5,sad,3.593,0,0.100444,0.001350,0.136707,0.689281,0.072219
data/personalization/salenatang/frames/20260517_124640/salenatang_angry_5_014_1779036550876.jpg,angry,5,sad,3.665,0,0.090223,0.001155,0.140850,0.708578,0.059194
data/personalization/salenatang/frames/20260517_124640/salenatang_angry_5_014_1779036551078.jpg,angry,5,sad,3.629,0,0.108075,0.001210,0.127476,0.695564,0.067674
data/personalization/salenatang/frames/20260517_124640/salenatang_angry_5_014_1779036551288.jpg,angry,5,sad,3.646,0,0.113120,0.001323,0.113942,0.695660,0.075955
data/personalization/salenatang/frames/20260517_124640/salenatang_angry_5_014_1779036551489.jpg,angry,5,sad,3.549,0,0.119760,0.001171,0.111227,0.673213,0.094630
data/personalization/salenatang/frames/20260517_124640/salenatang_angry_5_014_1779036551685.jpg,angry,5,sad,3.773,0,0.093358,0.001114,0.107453,0.725546,0.072529
data/personalization/salenatang/frames/20260517_124640/salenatang_angry_5_014_1779036551887.jpg,angry,5,sad,3.714,0,0.086727,0.001391,0.135289,0.719020,0.057574
data/personalization/salenatang/frames/20260517_124640/salenatang_angry_5_014_1779036552084.jpg,angry,5,sad,3.852,0,0.059887,0.001324,0.143054,0.755911,0.039824
data/personalization/salenatang/frames/20260517_124640/salenatang_angry_5_014_1779036552283.jpg,angry,5,sad,3.417,0,0.130464,0.001634,0.125321,0.643286,0.099296
data/personalization/salenatang/frames/20260517_124640/salenatang_angry_5_014_1779036552476.jpg,angry,5,sad,3.352,0,0.144298,0.001666,0.108146,0.631196,0.114694
data/personalization/salenatang/frames/20260517_124640/salenatang_angry_5_014_1779036552675.jpg,angry,5,sad,3.994,0,0.086731,0.001098,0.083845,0.774514,0.053813
data/personalization/salenatang/frames/20260517_124640/salenatang_angry_5_014_1779036552885.jpg,angry,5,sad,4.416,0,0.050334,0.000665,0.052925,0.869963,0.026113
data/personalization/salenatang/frames/20260517_124640/salenatang_angry_5_014_1779036553089.jpg,angry,5,sad,4.195,0,0.056047,0.000943,0.090558,0.825985,0.026467
data/personalization/salenatang/frames/20260517_124640/salenatang_angry_5_014_1779036553287.jpg,angry,5,sad,4.045,0,0.054699,0.001435,0.111064,0.794645,0.038158
data/personalization/salenatang/frames/20260517_124640/salenatang_angry_5_014_1779036553477.jpg,angry,5,sad,4.172,0,0.029858,0.000922,0.120525,0.829090,0.019606
data/personalization/salenatang/frames/20260517_124640/salenatang_angry_5_014_1779036553676.jpg,angry,5,sad,4.351,0,0.026420,0.000781,0.093094,0.865570,0.014136
data/personalization/salenatang/frames/20260517_124640/salenatang_angry_5_014_1779036553884.jpg,angry,5,sad,4.059,0,0.036762,0.000993,0.137098,0.805829,0.019318
data/personalization/salenatang/frames/20260517_124640/salenatang_angry_5_014_1779036554085.jpg,angry,5,sad,3.606,0,0.022377,0.001341,0.238969,0.723132,0.014180
data/personalization/salenatang/frames/20260517_124640/salenatang_angry_5_014_1779036554285.jpg,angry,5,sad,4.186,0,0.020916,0.000894,0.129602,0.835428,0.013160
data/personalization/salenatang/frames/20260517_124640/salenatang_surprised_1_015_1779036555644.jpg,surprised,1,sad,4.499,0,0.000824,0.000954,0.094393,0.903159,0.000670
data/personalization/salenatang/frames/20260517_124640/salenatang_surprised_1_015_1779036555809.jpg,surprised,1,neutral,N/A,0,0.000885,0.001261,0.673069,0.322287,0.002498
data/personalization/salenatang/frames/20260517_124640/salenatang_surprised_1_015_1779036556010.jpg,surprised,1,neutral,N/A,0,0.011187,0.003081,0.717103,0.210050,0.058578
data/personalization/salenatang/frames/20260517_124640/salenatang_surprised_1_015_1779036556208.jpg,surprised,1,neutral,N/A,0,0.011421,0.004117,0.697510,0.183128,0.103825
data/personalization/salenatang/frames/20260517_124640/salenatang_surprised_1_015_1779036556421.jpg,surprised,1,neutral,N/A,0,0.008319,0.003391,0.714330,0.210394,0.063566
data/personalization/salenatang/frames/20260517_124640/salenatang_surprised_1_015_1779036556618.jpg,surprised,1,neutral,N/A,0,0.008918,0.003852,0.766694,0.156971,0.063567
data/personalization/salenatang/frames/20260517_124640/salenatang_surprised_1_015_1779036556819.jpg,surprised,1,neutral,N/A,0,0.004373,0.003529,0.787808,0.149616,0.054673
data/personalization/salenatang/frames/20260517_124640/salenatang_surprised_1_015_1779036557017.jpg,surprised,1,neutral,N/A,0,0.008473,0.004988,0.705523,0.218337,0.062679
data/personalization/salenatang/frames/20260517_124640/salenatang_surprised_1_015_1779036557220.jpg,surprised,1,neutral,N/A,0,0.004593,0.003935,0.759651,0.193924,0.037896
data/personalization/salenatang/frames/20260517_124640/salenatang_surprised_1_015_1779036557420.jpg,surprised,1,neutral,N/A,0,0.003929,0.003143,0.756452,0.216620,0.019856
data/personalization/salenatang/frames/20260517_124640/salenatang_surprised_1_015_1779036557617.jpg,surprised,1,neutral,N/A,0,0.006208,0.003587,0.710950,0.238326,0.040929
data/personalization/salenatang/frames/20260517_124640/salenatang_surprised_1_015_1779036557818.jpg,surprised,1,neutral,N/A,0,0.002063,0.002739,0.800308,0.182799,0.012091
data/personalization/salenatang/frames/20260517_124640/salenatang_surprised_1_015_1779036558021.jpg,surprised,1,neutral,N/A,0,0.001393,0.001729,0.789986,0.198289,0.008603
data/personalization/salenatang/frames/20260517_124640/salenatang_surprised_1_015_1779036558210.jpg,surprised,1,neutral,N/A,0,0.002056,0.001848,0.825525,0.156866,0.013705
data/personalization/salenatang/frames/20260517_124640/salenatang_surprised_1_015_1779036558409.jpg,surprised,1,neutral,N/A,0,0.002396,0.002027,0.824570,0.158517,0.012490
data/personalization/salenatang/frames/20260517_124640/salenatang_surprised_1_015_1779036558610.jpg,surprised,1,neutral,N/A,0,0.001335,0.001781,0.817852,0.171878,0.007154
data/personalization/salenatang/frames/20260517_124640/salenatang_surprised_1_015_1779036558822.jpg,surprised,1,neutral,N/A,0,0.001278,0.001496,0.821450,0.169581,0.006194
data/personalization/salenatang/frames/20260517_124640/salenatang_surprised_1_015_1779036559018.jpg,surprised,1,neutral,N/A,0,0.001293,0.001517,0.832655,0.160021,0.004513
data/personalization/salenatang/frames/20260517_124640/salenatang_surprised_1_015_1779036559219.jpg,surprised,1,neutral,N/A,0,0.001891,0.001702,0.827814,0.159296,0.009297
data/personalization/salenatang/frames/20260517_124640/salenatang_surprised_1_015_1779036559419.jpg,surprised,1,neutral,N/A,0,0.001864,0.001889,0.819435,0.167486,0.009325
data/personalization/salenatang/frames/20260517_124640/salenatang_surprised_1_015_1779036559617.jpg,surprised,1,neutral,N/A,0,0.003324,0.002762,0.785900,0.191455,0.016560
data/personalization/salenatang/frames/20260517_124640/salenatang_surprised_1_015_1779036559822.jpg,surprised,1,neutral,N/A,0,0.004454,0.002983,0.779001,0.184161,0.029402
data/personalization/salenatang/frames/20260517_124640/salenatang_surprised_1_015_1779036560021.jpg,surprised,1,neutral,N/A,0,0.003973,0.003252,0.816260,0.155027,0.021488
data/personalization/salenatang/frames/20260517_124640/salenatang_surprised_1_015_1779036560220.jpg,surprised,1,neutral,N/A,0,0.005544,0.003496,0.769596,0.186398,0.034965
data/personalization/salenatang/frames/20260517_124640/salenatang_surprised_1_015_1779036560424.jpg,surprised,1,neutral,N/A,0,0.006846,0.002858,0.776884,0.177911,0.035501
data/personalization/salenatang/frames/20260517_124640/salenatang_surprised_1_015_1779036560620.jpg,surprised,1,neutral,N/A,0,0.011816,0.004512,0.731179,0.180988,0.071506
data/personalization/salenatang/frames/20260517_124640/salenatang_surprised_1_015_1779036560822.jpg,surprised,1,neutral,N/A,0,0.012252,0.004672,0.721816,0.191052,0.070209
data/personalization/salenatang/frames/20260517_124640/salenatang_surprised_1_015_1779036561021.jpg,surprised,1,neutral,N/A,0,0.006872,0.003143,0.767319,0.189598,0.033069
data/personalization/salenatang/frames/20260517_124640/salenatang_surprised_1_015_1779036561221.jpg,surprised,1,neutral,N/A,0,0.006346,0.003202,0.791746,0.160195,0.038511
data/personalization/salenatang/frames/20260517_124640/salenatang_surprised_1_015_1779036561425.jpg,surprised,1,neutral,N/A,0,0.009054,0.003903,0.748352,0.197587,0.041105
data/personalization/salenatang/frames/20260517_124640/salenatang_surprised_1_015_1779036561613.jpg,surprised,1,neutral,N/A,0,0.007756,0.003245,0.745630,0.194042,0.049327
data/personalization/salenatang/frames/20260517_124640/salenatang_surprised_2_016_1779036563355.jpg,surprised,2,neutral,N/A,0,0.007059,0.002662,0.683351,0.261352,0.045577
data/personalization/salenatang/frames/20260517_124640/salenatang_surprised_2_016_1779036563523.jpg,surprised,2,neutral,N/A,0,0.011873,0.003353,0.675047,0.210165,0.099563
data/personalization/salenatang/frames/20260517_124640/salenatang_surprised_2_016_1779036563720.jpg,surprised,2,neutral,N/A,0,0.009181,0.003598,0.745520,0.156361,0.085340
data/personalization/salenatang/frames/20260517_124640/salenatang_surprised_2_016_1779036563919.jpg,surprised,2,neutral,N/A,0,0.013044,0.003848,0.619880,0.172987,0.190241
data/personalization/salenatang/frames/20260517_124640/salenatang_surprised_2_016_1779036564110.jpg,surprised,2,neutral,N/A,0,0.020532,0.004318,0.505512,0.179356,0.290283
data/personalization/salenatang/frames/20260517_124640/salenatang_surprised_2_016_1779036564313.jpg,surprised,2,neutral,N/A,0,0.014195,0.006521,0.647057,0.140959,0.191268
data/personalization/salenatang/frames/20260517_124640/salenatang_surprised_2_016_1779036564523.jpg,surprised,2,neutral,N/A,0,0.009434,0.005972,0.719493,0.137995,0.127107
data/personalization/salenatang/frames/20260517_124640/salenatang_surprised_2_016_1779036564723.jpg,surprised,2,neutral,N/A,0,0.016587,0.006292,0.670149,0.139725,0.167247
data/personalization/salenatang/frames/20260517_124640/salenatang_surprised_2_016_1779036564921.jpg,surprised,2,neutral,N/A,0,0.008587,0.006393,0.720899,0.147645,0.116476
data/personalization/salenatang/frames/20260517_124640/salenatang_surprised_2_016_1779036565110.jpg,surprised,2,neutral,N/A,0,0.013033,0.007570,0.641916,0.143701,0.193781
data/personalization/salenatang/frames/20260517_124640/salenatang_surprised_2_016_1779036565310.jpg,surprised,2,neutral,N/A,0,0.012784,0.008318,0.571033,0.133350,0.274515
data/personalization/salenatang/frames/20260517_124640/salenatang_surprised_2_016_1779036565510.jpg,surprised,2,neutral,N/A,0,0.010659,0.007758,0.671792,0.119139,0.190652
data/personalization/salenatang/frames/20260517_124640/salenatang_surprised_2_016_1779036565721.jpg,surprised,2,neutral,N/A,0,0.010203,0.006698,0.703976,0.148306,0.130818
data/personalization/salenatang/frames/20260517_124640/salenatang_surprised_2_016_1779036565919.jpg,surprised,2,neutral,N/A,0,0.008653,0.006644,0.689648,0.159132,0.135922
data/personalization/salenatang/frames/20260517_124640/salenatang_surprised_2_016_1779036566123.jpg,surprised,2,neutral,N/A,0,0.004802,0.003588,0.619068,0.331719,0.040823
data/personalization/salenatang/frames/20260517_124640/salenatang_surprised_2_016_1779036566323.jpg,surprised,2,neutral,N/A,0,0.004107,0.003358,0.770323,0.196839,0.025373
data/personalization/salenatang/frames/20260517_124640/salenatang_surprised_2_016_1779036566518.jpg,surprised,2,neutral,N/A,0,0.010239,0.004291,0.709066,0.194409,0.081995
data/personalization/salenatang/frames/20260517_124640/salenatang_surprised_2_016_1779036566719.jpg,surprised,2,neutral,N/A,0,0.007791,0.002946,0.747627,0.179518,0.062118
data/personalization/salenatang/frames/20260517_124640/salenatang_surprised_2_016_1779036566923.jpg,surprised,2,neutral,N/A,0,0.007287,0.003153,0.716841,0.214462,0.058257
data/personalization/salenatang/frames/20260517_124640/salenatang_surprised_2_016_1779036567119.jpg,surprised,2,neutral,N/A,0,0.005628,0.003217,0.780695,0.157509,0.052951
data/personalization/salenatang/frames/20260517_124640/salenatang_surprised_2_016_1779036567318.jpg,surprised,2,neutral,N/A,0,0.007305,0.003470,0.725107,0.191792,0.072326
data/personalization/salenatang/frames/20260517_124640/salenatang_surprised_2_016_1779036567524.jpg,surprised,2,neutral,N/A,0,0.004086,0.003076,0.772581,0.189092,0.031164
data/personalization/salenatang/frames/20260517_124640/salenatang_surprised_2_016_1779036567720.jpg,surprised,2,neutral,N/A,0,0.007258,0.003632,0.755295,0.181278,0.052537
data/personalization/salenatang/frames/20260517_124640/salenatang_surprised_2_016_1779036567920.jpg,surprised,2,neutral,N/A,0,0.007350,0.003332,0.801623,0.118012,0.069684
data/personalization/salenatang/frames/20260517_124640/salenatang_surprised_2_016_1779036568122.jpg,surprised,2,neutral,N/A,0,0.010271,0.003947,0.755490,0.114714,0.115578
data/personalization/salenatang/frames/20260517_124640/salenatang_surprised_2_016_1779036568320.jpg,surprised,2,neutral,N/A,0,0.007447,0.002736,0.798879,0.148416,0.042522
data/personalization/salenatang/frames/20260517_124640/salenatang_surprised_2_016_1779036568522.jpg,surprised,2,neutral,N/A,0,0.006647,0.002853,0.820893,0.124626,0.044982
data/personalization/salenatang/frames/20260517_124640/salenatang_surprised_2_016_1779036568720.jpg,surprised,2,neutral,N/A,0,0.008583,0.003336,0.792772,0.124269,0.071040
data/personalization/salenatang/frames/20260517_124640/salenatang_surprised_2_016_1779036568922.jpg,surprised,2,neutral,N/A,0,0.005840,0.002950,0.808061,0.134005,0.049144
data/personalization/salenatang/frames/20260517_124640/salenatang_surprised_2_016_1779036569121.jpg,surprised,2,neutral,N/A,0,0.007962,0.003077,0.794121,0.131797,0.063042
data/personalization/salenatang/frames/20260517_124640/salenatang_surprised_2_016_1779036569320.jpg,surprised,2,neutral,N/A,0,0.006850,0.002317,0.813298,0.128107,0.049428
data/personalization/salenatang/frames/20260517_124640/salenatang_surprised_3_017_1779036571355.jpg,surprised,3,neutral,N/A,0,0.000425,0.001164,0.898391,0.098720,0.001300
data/personalization/salenatang/frames/20260517_124640/salenatang_surprised_3_017_1779036571519.jpg,surprised,3,neutral,N/A,0,0.002767,0.003282,0.856136,0.113429,0.024387
data/personalization/salenatang/frames/20260517_124640/salenatang_surprised_3_017_1779036571722.jpg,surprised,3,neutral,N/A,0,0.017791,0.009461,0.529761,0.090447,0.352541
data/personalization/salenatang/frames/20260517_124640/salenatang_surprised_3_017_1779036571921.jpg,surprised,3,surprised,3.342,1,0.020240,0.005133,0.254757,0.057923,0.661947
data/personalization/salenatang/frames/20260517_124640/salenatang_surprised_3_017_1779036572122.jpg,surprised,3,surprised,3.715,1,0.019156,0.005123,0.183404,0.058502,0.733816
data/personalization/salenatang/frames/20260517_124640/salenatang_surprised_3_017_1779036572320.jpg,surprised,3,neutral,N/A,0,0.019869,0.008966,0.536248,0.101961,0.332955
data/personalization/salenatang/frames/20260517_124640/salenatang_surprised_3_017_1779036572524.jpg,surprised,3,surprised,2.266,1,0.028915,0.007325,0.398532,0.129273,0.435956
data/personalization/salenatang/frames/20260517_124640/salenatang_surprised_3_017_1779036572728.jpg,surprised,3,neutral,N/A,0,0.022604,0.006833,0.445881,0.100398,0.424284
data/personalization/salenatang/frames/20260517_124640/salenatang_surprised_3_017_1779036572919.jpg,surprised,3,surprised,2.739,1,0.027389,0.007357,0.335803,0.093919,0.535532
data/personalization/salenatang/frames/20260517_124640/salenatang_surprised_3_017_1779036573122.jpg,surprised,3,surprised,2.212,1,0.021426,0.008695,0.427189,0.111524,0.431166
data/personalization/salenatang/frames/20260517_124640/salenatang_surprised_3_017_1779036573321.jpg,surprised,3,neutral,N/A,0,0.018523,0.010564,0.468509,0.128462,0.373942
data/personalization/salenatang/frames/20260517_124640/salenatang_surprised_3_017_1779036573523.jpg,surprised,3,neutral,N/A,0,0.016656,0.009169,0.524081,0.128479,0.321615
data/personalization/salenatang/frames/20260517_124640/salenatang_surprised_3_017_1779036573721.jpg,surprised,3,neutral,N/A,0,0.017017,0.011049,0.516796,0.121008,0.334130
data/personalization/salenatang/frames/20260517_124640/salenatang_surprised_3_017_1779036573923.jpg,surprised,3,neutral,N/A,0,0.015070,0.011268,0.559349,0.102371,0.311942
data/personalization/salenatang/frames/20260517_124640/salenatang_surprised_3_017_1779036574127.jpg,surprised,3,neutral,N/A,0,0.009167,0.019496,0.642126,0.121176,0.208036
data/personalization/salenatang/frames/20260517_124640/salenatang_surprised_3_017_1779036574322.jpg,surprised,3,neutral,N/A,0,0.018089,0.009441,0.492352,0.085812,0.394305
data/personalization/salenatang/frames/20260517_124640/salenatang_surprised_3_017_1779036574525.jpg,surprised,3,neutral,N/A,0,0.018726,0.008228,0.466220,0.089238,0.417587
data/personalization/salenatang/frames/20260517_124640/salenatang_surprised_3_017_1779036574719.jpg,surprised,3,neutral,N/A,0,0.015377,0.014034,0.590331,0.114269,0.265988
data/personalization/salenatang/frames/20260517_124640/salenatang_surprised_3_017_1779036574923.jpg,surprised,3,neutral,N/A,0,0.014180,0.007420,0.625272,0.115830,0.237298
data/personalization/salenatang/frames/20260517_124640/salenatang_surprised_3_017_1779036575123.jpg,surprised,3,neutral,N/A,0,0.011585,0.005699,0.699346,0.146375,0.136995
data/personalization/salenatang/frames/20260517_124640/salenatang_surprised_3_017_1779036575326.jpg,surprised,3,neutral,N/A,0,0.008737,0.008195,0.767565,0.121597,0.093907
data/personalization/salenatang/frames/20260517_124640/salenatang_surprised_3_017_1779036575525.jpg,surprised,3,neutral,N/A,0,0.017352,0.007023,0.651978,0.130961,0.192686
data/personalization/salenatang/frames/20260517_124640/salenatang_surprised_3_017_1779036575722.jpg,surprised,3,neutral,N/A,0,0.011066,0.010446,0.684967,0.133104,0.160417
data/personalization/salenatang/frames/20260517_124640/salenatang_surprised_3_017_1779036575924.jpg,surprised,3,neutral,N/A,0,0.005610,0.006890,0.793464,0.147565,0.046471
data/personalization/salenatang/frames/20260517_124640/salenatang_surprised_3_017_1779036576121.jpg,surprised,3,neutral,N/A,0,0.012961,0.007999,0.670233,0.101174,0.207633
data/personalization/salenatang/frames/20260517_124640/salenatang_surprised_3_017_1779036576322.jpg,surprised,3,neutral,N/A,0,0.013388,0.011576,0.613760,0.105417,0.255859
data/personalization/salenatang/frames/20260517_124640/salenatang_surprised_3_017_1779036576528.jpg,surprised,3,surprised,2.550,1,0.023017,0.006964,0.385485,0.081369,0.503165
data/personalization/salenatang/frames/20260517_124640/salenatang_surprised_3_017_1779036576724.jpg,surprised,3,surprised,2.920,1,0.021835,0.008076,0.326638,0.065409,0.578043
data/personalization/salenatang/frames/20260517_124640/salenatang_surprised_3_017_1779036576924.jpg,surprised,3,neutral,N/A,0,0.020042,0.010521,0.513771,0.097661,0.358005
data/personalization/salenatang/frames/20260517_124640/salenatang_surprised_3_017_1779036577124.jpg,surprised,3,surprised,2.419,1,0.020454,0.014692,0.410010,0.077040,0.477805
data/personalization/salenatang/frames/20260517_124640/salenatang_surprised_3_017_1779036577322.jpg,surprised,3,surprised,3.457,1,0.026152,0.006916,0.235680,0.046380,0.684872
data/personalization/salenatang/frames/20260517_124640/salenatang_surprised_4_018_1779036578312.jpg,surprised,4,neutral,N/A,0,0.019287,0.008455,0.466984,0.106201,0.399073
data/personalization/salenatang/frames/20260517_124640/salenatang_surprised_4_018_1779036578491.jpg,surprised,4,surprised,4.818,1,0.014617,0.001775,0.018225,0.005474,0.959909
data/personalization/salenatang/frames/20260517_124640/salenatang_surprised_4_018_1779036578690.jpg,surprised,4,surprised,4.746,1,0.029757,0.001796,0.018686,0.004354,0.945406
data/personalization/salenatang/frames/20260517_124640/salenatang_surprised_4_018_1779036578893.jpg,surprised,4,surprised,4.916,1,0.012811,0.000661,0.002740,0.000950,0.982838
data/personalization/salenatang/frames/20260517_124640/salenatang_surprised_4_018_1779036579091.jpg,surprised,4,surprised,4.872,1,0.016974,0.001000,0.006510,0.002483,0.973033
data/personalization/salenatang/frames/20260517_124640/salenatang_surprised_4_018_1779036579288.jpg,surprised,4,surprised,4.886,1,0.014533,0.000788,0.006609,0.002134,0.975936
data/personalization/salenatang/frames/20260517_124640/salenatang_surprised_4_018_1779036579491.jpg,surprised,4,surprised,4.758,1,0.024388,0.001489,0.020904,0.006508,0.946711
data/personalization/salenatang/frames/20260517_124640/salenatang_surprised_4_018_1779036579689.jpg,surprised,4,surprised,4.800,1,0.022421,0.001001,0.015241,0.004488,0.956849
data/personalization/salenatang/frames/20260517_124640/salenatang_surprised_4_018_1779036579889.jpg,surprised,4,surprised,4.828,1,0.016815,0.001201,0.015383,0.004643,0.961958
data/personalization/salenatang/frames/20260517_124640/salenatang_surprised_4_018_1779036580091.jpg,surprised,4,surprised,4.682,1,0.030858,0.001657,0.029628,0.008082,0.929774
data/personalization/salenatang/frames/20260517_124640/salenatang_surprised_4_018_1779036580290.jpg,surprised,4,surprised,4.696,1,0.027133,0.001657,0.028835,0.009624,0.932751
data/personalization/salenatang/frames/20260517_124640/salenatang_surprised_4_018_1779036580493.jpg,surprised,4,surprised,4.598,1,0.027570,0.002230,0.044724,0.012483,0.912993
data/personalization/salenatang/frames/20260517_124640/salenatang_surprised_4_018_1779036580694.jpg,surprised,4,surprised,4.557,1,0.026593,0.002870,0.050453,0.015693,0.904391
data/personalization/salenatang/frames/20260517_124640/salenatang_surprised_4_018_1779036580896.jpg,surprised,4,surprised,4.378,1,0.029921,0.002449,0.075616,0.024814,0.867200
data/personalization/salenatang/frames/20260517_124640/salenatang_surprised_4_018_1779036581088.jpg,surprised,4,surprised,4.547,1,0.024510,0.002537,0.052114,0.018367,0.902471
data/personalization/salenatang/frames/20260517_124640/salenatang_surprised_4_018_1779036581295.jpg,surprised,4,surprised,4.396,1,0.026803,0.003294,0.073563,0.025190,0.871150
data/personalization/salenatang/frames/20260517_124640/salenatang_surprised_4_018_1779036581491.jpg,surprised,4,surprised,4.362,1,0.030026,0.002822,0.078137,0.024971,0.864044
data/personalization/salenatang/frames/20260517_124640/salenatang_surprised_4_018_1779036581689.jpg,surprised,4,surprised,4.546,1,0.027295,0.002525,0.051115,0.017346,0.901719
data/personalization/salenatang/frames/20260517_124640/salenatang_surprised_4_018_1779036581892.jpg,surprised,4,surprised,4.523,1,0.018916,0.002294,0.059947,0.020075,0.898769
data/personalization/salenatang/frames/20260517_124640/salenatang_surprised_4_018_1779036582083.jpg,surprised,4,surprised,4.318,1,0.029563,0.002592,0.085178,0.027598,0.855070
data/personalization/salenatang/frames/20260517_124640/salenatang_surprised_4_018_1779036582289.jpg,surprised,4,surprised,3.824,1,0.032934,0.004742,0.155673,0.053955,0.752696
data/personalization/salenatang/frames/20260517_124640/salenatang_surprised_4_018_1779036582490.jpg,surprised,4,surprised,4.191,1,0.029235,0.003523,0.104249,0.033842,0.829150
data/personalization/salenatang/frames/20260517_124640/salenatang_surprised_4_018_1779036582688.jpg,surprised,4,surprised,4.078,1,0.038613,0.003767,0.113896,0.039979,0.803744
data/personalization/salenatang/frames/20260517_124640/salenatang_surprised_4_018_1779036582880.jpg,surprised,4,surprised,4.346,1,0.030931,0.002547,0.081834,0.023756,0.860932
data/personalization/salenatang/frames/20260517_124640/salenatang_surprised_4_018_1779036583080.jpg,surprised,4,surprised,4.220,1,0.033059,0.003032,0.098183,0.031245,0.834481
data/personalization/salenatang/frames/20260517_124640/salenatang_surprised_4_018_1779036583285.jpg,surprised,4,surprised,3.692,1,0.049421,0.004903,0.171667,0.049569,0.724440
data/personalization/salenatang/frames/20260517_124640/salenatang_surprised_4_018_1779036583493.jpg,surprised,4,surprised,4.005,1,0.047717,0.004083,0.120529,0.040373,0.787298
data/personalization/salenatang/frames/20260517_124640/salenatang_surprised_4_018_1779036583686.jpg,surprised,4,surprised,3.990,1,0.038546,0.004148,0.130176,0.040645,0.786485
data/personalization/salenatang/frames/20260517_124640/salenatang_surprised_4_018_1779036583890.jpg,surprised,4,surprised,3.676,1,0.037314,0.005321,0.171016,0.065977,0.720373
data/personalization/salenatang/frames/20260517_124640/salenatang_surprised_4_018_1779036584094.jpg,surprised,4,surprised,3.678,1,0.036660,0.004834,0.180738,0.054111,0.723657
data/personalization/salenatang/frames/20260517_124640/salenatang_surprised_4_018_1779036584287.jpg,surprised,4,surprised,3.636,1,0.036844,0.005427,0.184242,0.059233,0.714254
data/personalization/salenatang/frames/20260517_124640/salenatang_surprised_5_019_1779036585253.jpg,surprised,5,surprised,4.940,1,0.009577,0.000371,0.001963,0.000318,0.987771
data/personalization/salenatang/frames/20260517_124640/salenatang_surprised_5_019_1779036585424.jpg,surprised,5,surprised,4.939,1,0.010535,0.000703,0.000792,0.000179,0.987792
data/personalization/salenatang/frames/20260517_124640/salenatang_surprised_5_019_1779036585623.jpg,surprised,5,surprised,4.861,1,0.022282,0.003102,0.001866,0.000939,0.971811
data/personalization/salenatang/frames/20260517_124640/salenatang_surprised_5_019_1779036585822.jpg,surprised,5,surprised,4.817,1,0.028134,0.004652,0.003017,0.001399,0.962799
data/personalization/salenatang/frames/20260517_124640/salenatang_surprised_5_019_1779036586024.jpg,surprised,5,surprised,4.872,1,0.019963,0.003471,0.001598,0.000965,0.974002
data/personalization/salenatang/frames/20260517_124640/salenatang_surprised_5_019_1779036586223.jpg,surprised,5,surprised,4.785,1,0.036065,0.002775,0.002534,0.001602,0.957025
data/personalization/salenatang/frames/20260517_124640/salenatang_surprised_5_019_1779036586428.jpg,surprised,5,surprised,4.767,1,0.039129,0.004460,0.001819,0.001091,0.953500
data/personalization/salenatang/frames/20260517_124640/salenatang_surprised_5_019_1779036586623.jpg,surprised,5,surprised,4.740,1,0.044432,0.004905,0.001240,0.001043,0.948380
data/personalization/salenatang/frames/20260517_124640/salenatang_surprised_5_019_1779036586825.jpg,surprised,5,surprised,4.650,1,0.059756,0.005363,0.002505,0.001840,0.930537
data/personalization/salenatang/frames/20260517_124640/salenatang_surprised_5_019_1779036587024.jpg,surprised,5,surprised,4.553,1,0.077662,0.005107,0.003782,0.001904,0.911544
data/personalization/salenatang/frames/20260517_124640/salenatang_surprised_5_019_1779036587222.jpg,surprised,5,surprised,4.764,1,0.039906,0.003723,0.002096,0.001332,0.952944
data/personalization/salenatang/frames/20260517_124640/salenatang_surprised_5_019_1779036587427.jpg,surprised,5,surprised,4.734,1,0.045647,0.004120,0.001558,0.001454,0.947221
data/personalization/salenatang/frames/20260517_124640/salenatang_surprised_5_019_1779036587626.jpg,surprised,5,surprised,4.448,1,0.094807,0.005580,0.005483,0.003645,0.890486
data/personalization/salenatang/frames/20260517_124640/salenatang_surprised_5_019_1779036587824.jpg,surprised,5,surprised,4.655,1,0.058912,0.004501,0.003301,0.001920,0.931366
data/personalization/salenatang/frames/20260517_124640/salenatang_surprised_5_019_1779036588025.jpg,surprised,5,surprised,4.654,1,0.056561,0.005966,0.003867,0.003254,0.930352
data/personalization/salenatang/frames/20260517_124640/salenatang_surprised_5_019_1779036588224.jpg,surprised,5,surprised,2.886,1,0.178258,0.077227,0.076165,0.143342,0.525008
data/personalization/salenatang/frames/20260517_124640/salenatang_surprised_5_019_1779036588426.jpg,surprised,5,surprised,4.468,1,0.080454,0.011395,0.008647,0.008309,0.891196
data/personalization/salenatang/frames/20260517_124640/salenatang_surprised_5_019_1779036588621.jpg,surprised,5,surprised,4.550,1,0.074333,0.008977,0.003830,0.003112,0.909747
data/personalization/salenatang/frames/20260517_124640/salenatang_surprised_5_019_1779036588825.jpg,surprised,5,sad,3.123,0,0.122104,0.065991,0.055763,0.582838,0.173305
data/personalization/salenatang/frames/20260517_124640/salenatang_surprised_5_019_1779036589023.jpg,surprised,5,surprised,4.152,1,0.109852,0.018547,0.027415,0.023278,0.820908
data/personalization/salenatang/frames/20260517_124640/salenatang_surprised_5_019_1779036589224.jpg,surprised,5,surprised,4.399,1,0.093424,0.007903,0.011802,0.009023,0.877848
data/personalization/salenatang/frames/20260517_124640/salenatang_surprised_5_019_1779036589426.jpg,surprised,5,surprised,4.448,1,0.086553,0.006551,0.010707,0.008316,0.887872
data/personalization/salenatang/frames/20260517_124640/salenatang_surprised_5_019_1779036589627.jpg,surprised,5,surprised,4.227,1,0.097991,0.015743,0.025361,0.024779,0.836125
data/personalization/salenatang/frames/20260517_124640/salenatang_surprised_5_019_1779036589824.jpg,surprised,5,surprised,4.401,1,0.082679,0.009134,0.019719,0.013437,0.875032
data/personalization/salenatang/frames/20260517_124640/salenatang_surprised_5_019_1779036590024.jpg,surprised,5,sad,2.525,0,0.195792,0.079132,0.100308,0.440106,0.184662
data/personalization/salenatang/frames/20260517_124640/salenatang_surprised_5_019_1779036590223.jpg,surprised,5,surprised,3.875,1,0.122170,0.022635,0.047694,0.052082,0.755418
data/personalization/salenatang/frames/20260517_124640/salenatang_surprised_5_019_1779036590426.jpg,surprised,5,surprised,4.015,1,0.129053,0.019379,0.038352,0.020747,0.792468
data/personalization/salenatang/frames/20260517_124640/salenatang_surprised_5_019_1779036590625.jpg,surprised,5,surprised,4.333,1,0.100287,0.007172,0.017562,0.011730,0.863250
data/personalization/salenatang/frames/20260517_124640/salenatang_surprised_5_019_1779036590821.jpg,surprised,5,surprised,4.120,1,0.118660,0.013197,0.032197,0.020344,0.815602
data/personalization/salenatang/frames/20260517_124640/salenatang_surprised_5_019_1779036591012.jpg,surprised,5,surprised,4.257,1,0.089923,0.010647,0.032036,0.026275,0.841119
data/personalization/salenatang/frames/20260517_124640/salenatang_surprised_5_019_1779036591213.jpg,surprised,5,surprised,4.410,1,0.083205,0.009095,0.017888,0.012297,0.877514
data/personalization/salenatang/frames/20260517_124640/salenatang_neutral_3_020_1779036594447.jpg,neutral,N/A,neutral,N/A,1,0.000447,0.001340,0.931293,0.065309,0.001611
data/personalization/salenatang/frames/20260517_124640/salenatang_neutral_3_020_1779036594625.jpg,neutral,N/A,neutral,N/A,1,0.000509,0.001851,0.920173,0.075257,0.002210
data/personalization/salenatang/frames/20260517_124640/salenatang_neutral_3_020_1779036594826.jpg,neutral,N/A,neutral,N/A,1,0.000384,0.001623,0.949920,0.046137,0.001936
data/personalization/salenatang/frames/20260517_124640/salenatang_neutral_3_020_1779036595023.jpg,neutral,N/A,neutral,N/A,1,0.000445,0.002027,0.944308,0.051099,0.002121
data/personalization/salenatang/frames/20260517_124640/salenatang_neutral_3_020_1779036595224.jpg,neutral,N/A,neutral,N/A,1,0.000376,0.001798,0.959875,0.036508,0.001443
data/personalization/salenatang/frames/20260517_124640/salenatang_neutral_3_020_1779036595428.jpg,neutral,N/A,neutral,N/A,1,0.000388,0.001512,0.957844,0.038745,0.001511
data/personalization/salenatang/frames/20260517_124640/salenatang_neutral_3_020_1779036595626.jpg,neutral,N/A,neutral,N/A,1,0.000408,0.002096,0.951944,0.043798,0.001753
data/personalization/salenatang/frames/20260517_124640/salenatang_neutral_3_020_1779036595821.jpg,neutral,N/A,neutral,N/A,1,0.000376,0.002476,0.938073,0.057300,0.001775
data/personalization/salenatang/frames/20260517_124640/salenatang_neutral_3_020_1779036596016.jpg,neutral,N/A,neutral,N/A,1,0.000377,0.002815,0.931861,0.063342,0.001606
data/personalization/salenatang/frames/20260517_124640/salenatang_neutral_3_020_1779036596223.jpg,neutral,N/A,neutral,N/A,1,0.000378,0.001562,0.948892,0.047719,0.001449
data/personalization/salenatang/frames/20260517_124640/salenatang_neutral_3_020_1779036596426.jpg,neutral,N/A,neutral,N/A,1,0.000510,0.002536,0.940360,0.054867,0.001727
data/personalization/salenatang/frames/20260517_124640/salenatang_neutral_3_020_1779036596626.jpg,neutral,N/A,neutral,N/A,1,0.000393,0.002437,0.946166,0.049387,0.001617
data/personalization/salenatang/frames/20260517_124640/salenatang_neutral_3_020_1779036596813.jpg,neutral,N/A,neutral,N/A,1,0.000403,0.002018,0.929454,0.066410,0.001715
data/personalization/salenatang/frames/20260517_124640/salenatang_neutral_3_020_1779036597013.jpg,neutral,N/A,neutral,N/A,1,0.000518,0.001701,0.933197,0.062893,0.001691
data/personalization/salenatang/frames/20260517_124640/salenatang_neutral_3_020_1779036597219.jpg,neutral,N/A,neutral,N/A,1,0.000434,0.002185,0.939361,0.055894,0.002127
data/personalization/salenatang/frames/20260517_124640/salenatang_neutral_3_020_1779036597426.jpg,neutral,N/A,neutral,N/A,1,0.000443,0.001592,0.941211,0.055053,0.001701
data/personalization/salenatang/frames/20260517_124640/salenatang_neutral_3_020_1779036597617.jpg,neutral,N/A,neutral,N/A,1,0.000437,0.001826,0.947087,0.049089,0.001561
data/personalization/salenatang/frames/20260517_124640/salenatang_neutral_3_020_1779036597824.jpg,neutral,N/A,neutral,N/A,1,0.000359,0.001265,0.952993,0.043811,0.001572
data/personalization/salenatang/frames/20260517_124640/salenatang_neutral_3_020_1779036598027.jpg,neutral,N/A,neutral,N/A,1,0.000360,0.001367,0.945415,0.051686,0.001173
data/personalization/salenatang/frames/20260517_124640/salenatang_neutral_3_020_1779036598213.jpg,neutral,N/A,neutral,N/A,1,0.000379,0.001433,0.953863,0.042909,0.001416
data/personalization/salenatang/frames/20260517_124640/salenatang_neutral_3_020_1779036598415.jpg,neutral,N/A,neutral,N/A,1,0.000395,0.001902,0.920000,0.076349,0.001354
data/personalization/salenatang/frames/20260517_124640/salenatang_neutral_3_020_1779036598622.jpg,neutral,N/A,neutral,N/A,1,0.000404,0.001422,0.918871,0.077938,0.001366
data/personalization/salenatang/frames/20260517_124640/salenatang_neutral_3_020_1779036598826.jpg,neutral,N/A,neutral,N/A,1,0.000406,0.001521,0.925857,0.070768,0.001447
data/personalization/salenatang/frames/20260517_124640/salenatang_neutral_3_020_1779036599024.jpg,neutral,N/A,neutral,N/A,1,0.000436,0.001796,0.921956,0.074218,0.001595
data/personalization/salenatang/frames/20260517_124640/salenatang_neutral_3_020_1779036599223.jpg,neutral,N/A,neutral,N/A,1,0.000349,0.001281,0.936305,0.060811,0.001254
data/personalization/salenatang/frames/20260517_124640/salenatang_neutral_3_020_1779036599426.jpg,neutral,N/A,neutral,N/A,1,0.000404,0.001199,0.945219,0.051809,0.001369
data/personalization/salenatang/frames/20260517_124640/salenatang_neutral_3_020_1779036599619.jpg,neutral,N/A,neutral,N/A,1,0.000395,0.001351,0.937135,0.059853,0.001266
data/personalization/salenatang/frames/20260517_124640/salenatang_neutral_3_020_1779036599825.jpg,neutral,N/A,neutral,N/A,1,0.000390,0.001325,0.939727,0.057225,0.001334
data/personalization/salenatang/frames/20260517_124640/salenatang_neutral_3_020_1779036600025.jpg,neutral,N/A,neutral,N/A,1,0.000315,0.001161,0.930386,0.066765,0.001374
data/personalization/salenatang/frames/20260517_124640/salenatang_neutral_3_020_1779036600214.jpg,neutral,N/A,neutral,N/A,1,0.000362,0.001167,0.918603,0.078509,0.001359
data/personalization/salenatang/frames/20260517_124640/salenatang_neutral_3_020_1779036600414.jpg,neutral,N/A,neutral,N/A,1,0.000379,0.001372,0.934584,0.061837,0.001828
