frame_path,true_label,true_intensity,predicted_label,predicted_intensity,correct_label,prob_angry,prob_happy,prob_neutral,prob_sad,prob_surprised
data/personalization/salenatang/frames/20260517_124640/salenatang_happy_1_000_1779036441730.jpg,happy,1,happy,1.000,1,0.000106,0.999198,0.000489,0.000102,0.000105
data/personalization/salenatang/frames/20260517_124640/salenatang_happy_1_000_1779036441869.jpg,happy,1,happy,1.000,1,0.000087,0.999296,0.000441,0.000085,0.000091
data/personalization/salenatang/frames/20260517_124640/salenatang_happy_1_000_1779036442073.jpg,happy,1,happy,1.000,1,0.000079,0.999521,0.000243,0.000080,0.000077
data/personalization/salenatang/frames/20260517_124640/salenatang_happy_1_000_1779036442273.jpg,happy,1,happy,1.000,1,0.000064,0.999616,0.000203,0.000055,0.000061
data/personalization/salenatang/frames/20260517_124640/salenatang_happy_1_000_1779036442478.jpg,happy,1,happy,2.083,1,0.000080,0.999698,0.000134,0.000045,0.000044
data/personalization/salenatang/frames/20260517_124640/salenatang_happy_1_000_1779036442672.jpg,happy,1,happy,2.588,1,0.000061,0.999734,0.000108,0.000060,0.000037
data/personalization/salenatang/frames/20260517_124640/salenatang_happy_1_000_1779036442872.jpg,happy,1,happy,2.390,1,0.000076,0.999717,0.000108,0.000056,0.000044
data/personalization/salenatang/frames/20260517_124640/salenatang_happy_1_000_1779036443077.jpg,happy,1,happy,2.745,1,0.000089,0.999741,0.000088,0.000038,0.000044
data/personalization/salenatang/frames/20260517_124640/salenatang_happy_1_000_1779036443269.jpg,happy,1,happy,2.920,1,0.000060,0.999755,0.000086,0.000060,0.000038
data/personalization/salenatang/frames/20260517_124640/salenatang_happy_1_000_1779036443477.jpg,happy,1,happy,2.641,1,0.000059,0.999737,0.000106,0.000060,0.000038
data/personalization/salenatang/frames/20260517_124640/salenatang_happy_1_000_1779036443675.jpg,happy,1,happy,2.872,1,0.000078,0.999749,0.000078,0.000050,0.000045
data/personalization/salenatang/frames/20260517_124640/salenatang_happy_1_000_1779036443871.jpg,happy,1,happy,1.203,1,0.000092,0.999623,0.000135,0.000087,0.000063
data/personalization/salenatang/frames/20260517_124640/salenatang_happy_1_000_1779036444075.jpg,happy,1,happy,2.209,1,0.000075,0.999700,0.000104,0.000067,0.000054
data/personalization/salenatang/frames/20260517_124640/salenatang_happy_1_000_1779036444274.jpg,happy,1,happy,1.000,1,0.000210,0.993646,0.005161,0.000746,0.000237
data/personalization/salenatang/frames/20260517_124640/salenatang_happy_1_000_1779036444479.jpg,happy,1,happy,3.343,1,0.000051,0.999786,0.000070,0.000041,0.000051
data/personalization/salenatang/frames/20260517_124640/salenatang_happy_1_000_1779036444670.jpg,happy,1,happy,1.000,1,0.000054,0.999496,0.000317,0.000071,0.000062
data/personalization/salenatang/frames/20260517_124640/salenatang_happy_1_000_1779036444873.jpg,happy,1,happy,2.540,1,0.000062,0.999726,0.000098,0.000062,0.000052
data/personalization/salenatang/frames/20260517_124640/salenatang_happy_1_000_1779036445075.jpg,happy,1,happy,1.000,1,0.000436,0.969326,0.027798,0.001863,0.000577
data/personalization/salenatang/frames/20260517_124640/salenatang_happy_1_000_1779036445270.jpg,happy,1,happy,1.000,1,0.000055,0.999529,0.000268,0.000078,0.000069
data/personalization/salenatang/frames/20260517_124640/salenatang_happy_1_000_1779036445477.jpg,happy,1,happy,2.368,1,0.000055,0.999712,0.000099,0.000082,0.000052
data/personalization/salenatang/frames/20260517_124640/salenatang_happy_1_000_1779036445673.jpg,happy,1,happy,1.004,1,0.000087,0.999614,0.000161,0.000083,0.000055
data/personalization/salenatang/frames/20260517_124640/salenatang_happy_1_000_1779036445874.jpg,happy,1,happy,1.308,1,0.000085,0.999635,0.000144,0.000080,0.000055
data/personalization/salenatang/frames/20260517_124640/salenatang_happy_1_000_1779036446073.jpg,happy,1,happy,1.000,1,0.000085,0.999603,0.000153,0.000092,0.000067
data/personalization/salenatang/frames/20260517_124640/salenatang_happy_1_000_1779036446275.jpg,happy,1,happy,1.000,1,0.000079,0.999594,0.000166,0.000094,0.000068
data/personalization/salenatang/frames/20260517_124640/salenatang_happy_1_000_1779036446473.jpg,happy,1,happy,1.000,1,0.000089,0.999610,0.000149,0.000090,0.000062
data/personalization/salenatang/frames/20260517_124640/salenatang_happy_1_000_1779036446675.jpg,happy,1,happy,1.000,1,0.000107,0.999511,0.000198,0.000109,0.000075
data/personalization/salenatang/frames/20260517_124640/salenatang_happy_1_000_1779036446874.jpg,happy,1,happy,1.000,1,0.000100,0.999535,0.000195,0.000092,0.000077
data/personalization/salenatang/frames/20260517_124640/salenatang_happy_1_000_1779036447071.jpg,happy,1,happy,1.000,1,0.000082,0.999566,0.000210,0.000089,0.000053
data/personalization/salenatang/frames/20260517_124640/salenatang_happy_1_000_1779036447276.jpg,happy,1,happy,1.000,1,0.000088,0.999365,0.000317,0.000161,0.000070
data/personalization/salenatang/frames/20260517_124640/salenatang_happy_1_000_1779036447464.jpg,happy,1,happy,1.000,1,0.000095,0.999416,0.000275,0.000132,0.000082
data/personalization/salenatang/frames/20260517_124640/salenatang_happy_1_000_1779036447663.jpg,happy,1,happy,1.000,1,0.000063,0.999550,0.000246,0.000075,0.000065
data/personalization/salenatang/frames/20260517_124640/salenatang_happy_2_001_1779036450596.jpg,happy,2,happy,3.482,1,0.000048,0.999798,0.000070,0.000045,0.000039
data/personalization/salenatang/frames/20260517_124640/salenatang_happy_2_001_1779036450766.jpg,happy,2,happy,2.595,1,0.000074,0.999726,0.000083,0.000069,0.000048
data/personalization/salenatang/frames/20260517_124640/salenatang_happy_2_001_1779036450973.jpg,happy,2,happy,3.466,1,0.000057,0.999793,0.000056,0.000052,0.000042
data/personalization/salenatang/frames/20260517_124640/salenatang_happy_2_001_1779036451176.jpg,happy,2,happy,3.458,1,0.000054,0.999793,0.000061,0.000047,0.000045
data/personalization/salenatang/frames/20260517_124640/salenatang_happy_2_001_1779036451375.jpg,happy,2,happy,2.850,1,0.000080,0.999747,0.000066,0.000058,0.000048
data/personalization/salenatang/frames/20260517_124640/salenatang_happy_2_001_1779036451577.jpg,happy,2,happy,3.093,1,0.000072,0.999766,0.000061,0.000059,0.000043
data/personalization/salenatang/frames/20260517_124640/salenatang_happy_2_001_1779036451776.jpg,happy,2,happy,3.401,1,0.000060,0.999788,0.000056,0.000051,0.000044
data/personalization/salenatang/frames/20260517_124640/salenatang_happy_2_001_1779036451973.jpg,happy,2,happy,3.726,1,0.000053,0.999814,0.000050,0.000046,0.000037
data/personalization/salenatang/frames/20260517_124640/salenatang_happy_2_001_1779036452172.jpg,happy,2,happy,3.194,1,0.000054,0.999774,0.000072,0.000053,0.000046
data/personalization/salenatang/frames/20260517_124640/salenatang_happy_2_001_1779036452377.jpg,happy,2,happy,3.235,1,0.000061,0.999775,0.000061,0.000056,0.000046
data/personalization/salenatang/frames/20260517_124640/salenatang_happy_2_001_1779036452574.jpg,happy,2,happy,3.104,1,0.000066,0.999765,0.000066,0.000049,0.000053
data/personalization/salenatang/frames/20260517_124640/salenatang_happy_2_001_1779036452776.jpg,happy,2,happy,3.335,1,0.000060,0.999783,0.000058,0.000054,0.000045
data/personalization/salenatang/frames/20260517_124640/salenatang_happy_2_001_1779036452974.jpg,happy,2,happy,3.706,1,0.000045,0.999812,0.000049,0.000053,0.000041
data/personalization/salenatang/frames/20260517_124640/salenatang_happy_2_001_1779036453178.jpg,happy,2,happy,3.194,1,0.000064,0.999772,0.000060,0.000056,0.000047
data/personalization/salenatang/frames/20260517_124640/salenatang_happy_2_001_1779036453372.jpg,happy,2,happy,3.095,1,0.000061,0.999765,0.000069,0.000051,0.000055
data/personalization/salenatang/frames/20260517_124640/salenatang_happy_2_001_1779036453579.jpg,happy,2,happy,3.216,1,0.000052,0.999778,0.000078,0.000043,0.000049
data/personalization/salenatang/frames/20260517_124640/salenatang_happy_2_001_1779036453774.jpg,happy,2,happy,3.269,1,0.000061,0.999779,0.000066,0.000046,0.000049
data/personalization/salenatang/frames/20260517_124640/salenatang_happy_2_001_1779036453974.jpg,happy,2,happy,2.812,1,0.000070,0.999741,0.000070,0.000071,0.000048
data/personalization/salenatang/frames/20260517_124640/salenatang_happy_2_001_1779036454176.jpg,happy,2,happy,2.856,1,0.000039,0.999756,0.000107,0.000043,0.000055
data/personalization/salenatang/frames/20260517_124640/salenatang_happy_2_001_1779036454374.jpg,happy,2,happy,2.974,1,0.000075,0.999756,0.000063,0.000062,0.000044
data/personalization/salenatang/frames/20260517_124640/salenatang_happy_2_001_1779036454565.jpg,happy,2,happy,3.250,1,0.000061,0.999777,0.000066,0.000049,0.000047
data/personalization/salenatang/frames/20260517_124640/salenatang_happy_2_001_1779036454763.jpg,happy,2,happy,2.960,1,0.000076,0.999756,0.000065,0.000059,0.000044
data/personalization/salenatang/frames/20260517_124640/salenatang_happy_2_001_1779036454964.jpg,happy,2,happy,2.704,1,0.000080,0.999735,0.000075,0.000062,0.000048
data/personalization/salenatang/frames/20260517_124640/salenatang_happy_2_001_1779036455173.jpg,happy,2,happy,3.224,1,0.000063,0.999775,0.000066,0.000053,0.000043
data/personalization/salenatang/frames/20260517_124640/salenatang_happy_2_001_1779036455377.jpg,happy,2,happy,2.463,1,0.000090,0.999717,0.000079,0.000068,0.000046
data/personalization/salenatang/frames/20260517_124640/salenatang_happy_2_001_1779036455566.jpg,happy,2,happy,3.135,1,0.000072,0.999769,0.000062,0.000052,0.000045
data/personalization/salenatang/frames/20260517_124640/salenatang_happy_2_001_1779036455766.jpg,happy,2,happy,3.435,1,0.000049,0.999792,0.000063,0.000056,0.000040
data/personalization/salenatang/frames/20260517_124640/salenatang_happy_2_001_1779036455965.jpg,happy,2,happy,1.826,1,0.000050,0.999683,0.000156,0.000053,0.000058
data/personalization/salenatang/frames/20260517_124640/salenatang_happy_2_001_1779036456172.jpg,happy,2,happy,3.466,1,0.000057,0.999794,0.000060,0.000048,0.000042
data/personalization/salenatang/frames/20260517_124640/salenatang_happy_2_001_1779036456376.jpg,happy,2,happy,2.641,1,0.000061,0.999736,0.000102,0.000053,0.000047
data/personalization/salenatang/frames/20260517_124640/salenatang_happy_2_001_1779036456565.jpg,happy,2,happy,3.277,1,0.000056,0.999780,0.000068,0.000043,0.000053
data/personalization/salenatang/frames/20260517_124640/salenatang_happy_3_002_1779036458709.jpg,happy,3,happy,3.658,1,0.000027,0.999814,0.000048,0.000072,0.000040
data/personalization/salenatang/frames/20260517_124640/salenatang_happy_3_002_1779036458876.jpg,happy,3,happy,3.877,1,0.000031,0.999827,0.000054,0.000040,0.000049
data/personalization/salenatang/frames/20260517_124640/salenatang_happy_3_002_1779036459072.jpg,happy,3,happy,3.409,1,0.000035,0.999791,0.000067,0.000047,0.000060
data/personalization/salenatang/frames/20260517_124640/salenatang_happy_3_002_1779036459272.jpg,happy,3,happy,4.084,1,0.000034,0.999851,0.000044,0.000027,0.000043
data/personalization/salenatang/frames/20260517_124640/salenatang_happy_3_002_1779036459478.jpg,happy,3,happy,4.030,1,0.000035,0.999839,0.000051,0.000030,0.000045
data/personalization/salenatang/frames/20260517_124640/salenatang_happy_3_002_1779036459673.jpg,happy,3,happy,3.392,1,0.000053,0.999790,0.000068,0.000036,0.000052
data/personalization/salenatang/frames/20260517_124640/salenatang_happy_3_002_1779036459879.jpg,happy,3,happy,3.335,1,0.000042,0.999788,0.000078,0.000041,0.000051
data/personalization/salenatang/frames/20260517_124640/salenatang_happy_3_002_1779036460077.jpg,happy,3,happy,3.229,1,0.000048,0.999778,0.000076,0.000043,0.000055
data/personalization/salenatang/frames/20260517_124640/salenatang_happy_3_002_1779036460277.jpg,happy,3,happy,3.125,1,0.000040,0.999771,0.000081,0.000050,0.000059
data/personalization/salenatang/frames/20260517_124640/salenatang_happy_3_002_1779036460478.jpg,happy,3,happy,2.188,1,0.000051,0.999703,0.000121,0.000054,0.000070
data/personalization/salenatang/frames/20260517_124640/salenatang_happy_3_002_1779036460674.jpg,happy,3,happy,2.280,1,0.000054,0.999709,0.000113,0.000051,0.000073
data/personalization/salenatang/frames/20260517_124640/salenatang_happy_3_002_1779036460876.jpg,happy,3,happy,3.250,1,0.000054,0.999780,0.000074,0.000044,0.000049
data/personalization/salenatang/frames/20260517_124640/salenatang_happy_3_002_1779036461079.jpg,happy,3,happy,3.129,1,0.000042,0.999771,0.000080,0.000047,0.000060
data/personalization/salenatang/frames/20260517_124640/salenatang_happy_3_002_1779036461277.jpg,happy,3,happy,2.991,1,0.000047,0.999760,0.000082,0.000054,0.000057
data/personalization/salenatang/frames/20260517_124640/salenatang_happy_3_002_1779036461476.jpg,happy,3,happy,3.805,1,0.000042,0.999822,0.000058,0.000037,0.000041
data/personalization/salenatang/frames/20260517_124640/salenatang_happy_3_002_1779036461676.jpg,happy,3,happy,3.767,1,0.000050,0.999819,0.000059,0.000033,0.000039
data/personalization/salenatang/frames/20260517_124640/salenatang_happy_3_002_1779036461873.jpg,happy,3,happy,3.650,1,0.000058,0.999811,0.000064,0.000032,0.000036
data/personalization/salenatang/frames/20260517_124640/salenatang_happy_3_002_1779036462076.jpg,happy,3,happy,3.608,1,0.000040,0.999806,0.000061,0.000039,0.000054
data/personalization/salenatang/frames/20260517_124640/salenatang_happy_3_002_1779036462270.jpg,happy,3,happy,2.862,1,0.000045,0.999752,0.000091,0.000051,0.000062
data/personalization/salenatang/frames/20260517_124640/salenatang_happy_3_002_1779036462465.jpg,happy,3,happy,2.160,1,0.000056,0.999699,0.000115,0.000063,0.000067
data/personalization/salenatang/frames/20260517_124640/salenatang_happy_3_002_1779036462664.jpg,happy,3,happy,2.793,1,0.000041,0.999748,0.000099,0.000052,0.000059
data/personalization/salenatang/frames/20260517_124640/salenatang_happy_3_002_1779036462878.jpg,happy,3,happy,3.123,1,0.000041,0.999770,0.000063,0.000047,0.000079
data/personalization/salenatang/frames/20260517_124640/salenatang_happy_3_002_1779036463073.jpg,happy,3,happy,3.514,1,0.000053,0.999797,0.000057,0.000043,0.000050
data/personalization/salenatang/frames/20260517_124640/salenatang_happy_3_002_1779036463273.jpg,happy,3,happy,3.496,1,0.000055,0.999797,0.000062,0.000040,0.000046
data/personalization/salenatang/frames/20260517_124640/salenatang_happy_3_002_1779036463478.jpg,happy,3,happy,3.752,1,0.000046,0.999816,0.000048,0.000039,0.000051
data/personalization/salenatang/frames/20260517_124640/salenatang_happy_3_002_1779036463675.jpg,happy,3,happy,3.484,1,0.000052,0.999795,0.000059,0.000040,0.000053
data/personalization/salenatang/frames/20260517_124640/salenatang_happy_3_002_1779036463878.jpg,happy,3,happy,3.165,1,0.000063,0.999769,0.000061,0.000045,0.000062
data/personalization/salenatang/frames/20260517_124640/salenatang_happy_3_002_1779036464074.jpg,happy,3,happy,3.490,1,0.000054,0.999795,0.000049,0.000045,0.000057
data/personalization/salenatang/frames/20260517_124640/salenatang_happy_3_002_1779036464275.jpg,happy,3,happy,3.648,1,0.000041,0.999808,0.000055,0.000041,0.000055
data/personalization/salenatang/frames/20260517_124640/salenatang_happy_3_002_1779036464477.jpg,happy,3,happy,3.602,1,0.000041,0.999805,0.000058,0.000044,0.000052
data/personalization/salenatang/frames/20260517_124640/salenatang_happy_3_002_1779036464675.jpg,happy,3,happy,3.373,1,0.000057,0.999786,0.000061,0.000045,0.000051
data/personalization/salenatang/frames/20260517_124640/salenatang_happy_4_003_1779036466101.jpg,happy,4,happy,3.578,1,0.000035,0.999806,0.000045,0.000068,0.000046
data/personalization/salenatang/frames/20260517_124640/salenatang_happy_4_003_1779036466267.jpg,happy,4,happy,3.651,1,0.000040,0.999811,0.000034,0.000064,0.000050
data/personalization/salenatang/frames/20260517_124640/salenatang_happy_4_003_1779036466478.jpg,happy,4,happy,3.837,1,0.000045,0.999825,0.000024,0.000049,0.000057
data/personalization/salenatang/frames/20260517_124640/salenatang_happy_4_003_1779036466671.jpg,happy,4,happy,3.877,1,0.000044,0.999829,0.000023,0.000045,0.000059
data/personalization/salenatang/frames/20260517_124640/salenatang_happy_4_003_1779036466875.jpg,happy,4,happy,4.084,1,0.000038,0.999845,0.000021,0.000042,0.000053
data/personalization/salenatang/frames/20260517_124640/salenatang_happy_4_003_1779036467078.jpg,happy,4,happy,3.762,1,0.000043,0.999822,0.000023,0.000040,0.000071
data/personalization/salenatang/frames/20260517_124640/salenatang_happy_4_003_1779036467275.jpg,happy,4,happy,3.919,1,0.000039,0.999834,0.000024,0.000039,0.000063
data/personalization/salenatang/frames/20260517_124640/salenatang_happy_4_003_1779036467479.jpg,happy,4,happy,3.890,1,0.000037,0.999832,0.000024,0.000039,0.000068
data/personalization/salenatang/frames/20260517_124640/salenatang_happy_4_003_1779036467667.jpg,happy,4,happy,4.084,1,0.000034,0.999863,0.000021,0.000029,0.000053
data/personalization/salenatang/frames/20260517_124640/salenatang_happy_4_003_1779036467868.jpg,happy,4,happy,3.787,1,0.000042,0.999823,0.000027,0.000042,0.000066
data/personalization/salenatang/frames/20260517_124640/salenatang_happy_4_003_1779036468065.jpg,happy,4,happy,3.703,1,0.000044,0.999816,0.000031,0.000044,0.000065
data/personalization/salenatang/frames/20260517_124640/salenatang_happy_4_003_1779036468276.jpg,happy,4,happy,3.955,1,0.000041,0.999835,0.000027,0.000038,0.000059
data/personalization/salenatang/frames/20260517_124640/salenatang_happy_4_003_1779036468479.jpg,happy,4,happy,4.084,1,0.000039,0.999847,0.000026,0.000029,0.000059
data/personalization/salenatang/frames/20260517_124640/salenatang_happy_4_003_1779036468678.jpg,happy,4,happy,4.084,1,0.000037,0.999853,0.000026,0.000031,0.000052
data/personalization/salenatang/frames/20260517_124640/salenatang_happy_4_003_1779036468874.jpg,happy,4,happy,4.008,1,0.000040,0.999839,0.000028,0.000035,0.000058
data/personalization/salenatang/frames/20260517_124640/salenatang_happy_4_003_1779036469075.jpg,happy,4,happy,3.945,1,0.000037,0.999836,0.000028,0.000035,0.000064
data/personalization/salenatang/frames/20260517_124640/salenatang_happy_4_003_1779036469273.jpg,happy,4,happy,4.030,1,0.000036,0.999842,0.000029,0.000036,0.000059
data/personalization/salenatang/frames/20260517_124640/salenatang_happy_4_003_1779036469484.jpg,happy,4,happy,3.635,1,0.000039,0.999813,0.000032,0.000042,0.000075
data/personalization/salenatang/frames/20260517_124640/salenatang_happy_4_003_1779036469675.jpg,happy,4,happy,4.071,1,0.000035,0.999845,0.000025,0.000035,0.000060
data/personalization/salenatang/frames/20260517_124640/salenatang_happy_4_003_1779036469865.jpg,happy,4,happy,3.878,1,0.000044,0.999829,0.000024,0.000042,0.000061
data/personalization/salenatang/frames/20260517_124640/salenatang_happy_4_003_1779036470067.jpg,happy,4,happy,4.084,1,0.000038,0.999856,0.000022,0.000033,0.000052
data/personalization/salenatang/frames/20260517_124640/salenatang_happy_4_003_1779036470266.jpg,happy,4,happy,3.810,1,0.000038,0.999825,0.000032,0.000038,0.000067
data/personalization/salenatang/frames/20260517_124640/salenatang_happy_4_003_1779036470479.jpg,happy,4,happy,4.080,1,0.000034,0.999847,0.000026,0.000029,0.000063
data/personalization/salenatang/frames/20260517_124640/salenatang_happy_4_003_1779036470678.jpg,happy,4,happy,4.084,1,0.000036,0.999857,0.000024,0.000029,0.000054
data/personalization/salenatang/frames/20260517_124640/salenatang_happy_4_003_1779036470873.jpg,happy,4,happy,4.084,1,0.000036,0.999853,0.000026,0.000028,0.000056
data/personalization/salenatang/frames/20260517_124640/salenatang_happy_4_003_1779036471077.jpg,happy,4,happy,4.084,1,0.000033,0.999865,0.000026,0.000025,0.000051
data/personalization/salenatang/frames/20260517_124640/salenatang_happy_4_003_1779036471277.jpg,happy,4,happy,4.084,1,0.000036,0.999857,0.000024,0.000025,0.000057
data/personalization/salenatang/frames/20260517_124640/salenatang_happy_4_003_1779036471479.jpg,happy,4,happy,4.084,1,0.000036,0.999867,0.000024,0.000025,0.000048
data/personalization/salenatang/frames/20260517_124640/salenatang_happy_4_003_1779036471670.jpg,happy,4,happy,4.084,1,0.000037,0.999851,0.000028,0.000030,0.000054
data/personalization/salenatang/frames/20260517_124640/salenatang_happy_4_003_1779036471867.jpg,happy,4,happy,4.084,1,0.000036,0.999856,0.000022,0.000027,0.000060
data/personalization/salenatang/frames/20260517_124640/salenatang_happy_4_003_1779036472067.jpg,happy,4,happy,4.084,1,0.000042,0.999855,0.000027,0.000029,0.000046
data/personalization/salenatang/frames/20260517_124640/salenatang_happy_5_004_1779036473140.jpg,happy,5,happy,4.084,1,0.000038,0.999848,0.000021,0.000035,0.000057
data/personalization/salenatang/frames/20260517_124640/salenatang_happy_5_004_1779036473302.jpg,happy,5,happy,3.002,1,0.000033,0.999764,0.000031,0.000081,0.000091
data/personalization/salenatang/frames/20260517_124640/salenatang_happy_5_004_1779036473500.jpg,happy,5,happy,3.082,1,0.000032,0.999771,0.000022,0.000083,0.000093
data/personalization/salenatang/frames/20260517_124640/salenatang_happy_5_004_1779036473711.jpg,happy,5,happy,2.181,1,0.000046,0.999703,0.000042,0.000086,0.000123
data/personalization/salenatang/frames/20260517_124640/salenatang_happy_5_004_1779036473913.jpg,happy,5,happy,3.731,1,0.000044,0.999818,0.000023,0.000049,0.000066
data/personalization/salenatang/frames/20260517_124640/salenatang_happy_5_004_1779036474114.jpg,happy,5,happy,3.844,1,0.000042,0.999828,0.000026,0.000035,0.000068
data/personalization/salenatang/frames/20260517_124640/salenatang_happy_5_004_1779036474309.jpg,happy,5,happy,3.637,1,0.000045,0.999812,0.000031,0.000042,0.000070
data/personalization/salenatang/frames/20260517_124640/salenatang_happy_5_004_1779036474511.jpg,happy,5,happy,2.892,1,0.000072,0.999754,0.000040,0.000044,0.000090
data/personalization/salenatang/frames/20260517_124640/salenatang_happy_5_004_1779036474709.jpg,happy,5,happy,3.157,1,0.000067,0.999773,0.000038,0.000041,0.000080
data/personalization/salenatang/frames/20260517_124640/salenatang_happy_5_004_1779036474911.jpg,happy,5,happy,3.926,1,0.000044,0.999833,0.000027,0.000039,0.000058
data/personalization/salenatang/frames/20260517_124640/salenatang_happy_5_004_1779036475102.jpg,happy,5,happy,2.974,1,0.000069,0.999761,0.000034,0.000046,0.000090
data/personalization/salenatang/frames/20260517_124640/salenatang_happy_5_004_1779036475300.jpg,happy,5,happy,2.862,1,0.000065,0.999751,0.000039,0.000056,0.000089
data/personalization/salenatang/frames/20260517_124640/salenatang_happy_5_004_1779036475500.jpg,happy,5,happy,3.152,1,0.000057,0.999776,0.000039,0.000040,0.000089
data/personalization/salenatang/frames/20260517_124640/salenatang_happy_5_004_1779036475709.jpg,happy,5,happy,3.721,1,0.000047,0.999817,0.000031,0.000041,0.000064
data/personalization/salenatang/frames/20260517_124640/salenatang_happy_5_004_1779036475907.jpg,happy,5,happy,2.602,1,0.000067,0.999733,0.000048,0.000052,0.000101
data/personalization/salenatang/frames/20260517_124640/salenatang_happy_5_004_1779036476109.jpg,happy,5,happy,3.357,1,0.000049,0.999790,0.000036,0.000045,0.000079
data/personalization/salenatang/frames/20260517_124640/salenatang_happy_5_004_1779036476310.jpg,happy,5,happy,3.465,1,0.000051,0.999796,0.000035,0.000053,0.000066
data/personalization/salenatang/frames/20260517_124640/salenatang_happy_5_004_1779036476511.jpg,happy,5,happy,3.340,1,0.000050,0.999787,0.000035,0.000055,0.000073
data/personalization/salenatang/frames/20260517_124640/salenatang_happy_5_004_1779036476709.jpg,happy,5,happy,3.678,1,0.000050,0.999811,0.000032,0.000051,0.000057
data/personalization/salenatang/frames/20260517_124640/salenatang_happy_5_004_1779036476911.jpg,happy,5,happy,3.893,1,0.000041,0.999829,0.000024,0.000049,0.000056
data/personalization/salenatang/frames/20260517_124640/salenatang_happy_5_004_1779036477112.jpg,happy,5,happy,3.786,1,0.000046,0.999820,0.000033,0.000044,0.000056
data/personalization/salenatang/frames/20260517_124640/salenatang_happy_5_004_1779036477309.jpg,happy,5,happy,2.986,1,0.000049,0.999763,0.000033,0.000062,0.000093
data/personalization/salenatang/frames/20260517_124640/salenatang_happy_5_004_1779036477513.jpg,happy,5,happy,3.172,1,0.000048,0.999777,0.000032,0.000057,0.000086
data/personalization/salenatang/frames/20260517_124640/salenatang_happy_5_004_1779036477709.jpg,happy,5,happy,2.684,1,0.000060,0.999738,0.000040,0.000065,0.000096
data/personalization/salenatang/frames/20260517_124640/salenatang_happy_5_004_1779036477909.jpg,happy,5,happy,3.001,1,0.000050,0.999764,0.000039,0.000053,0.000094
data/personalization/salenatang/frames/20260517_124640/salenatang_happy_5_004_1779036478111.jpg,happy,5,happy,3.336,1,0.000047,0.999788,0.000035,0.000054,0.000076
data/personalization/salenatang/frames/20260517_124640/salenatang_happy_5_004_1779036478308.jpg,happy,5,happy,3.581,1,0.000047,0.999806,0.000036,0.000042,0.000068
data/personalization/salenatang/frames/20260517_124640/salenatang_happy_5_004_1779036478513.jpg,happy,5,happy,3.230,1,0.000051,0.999781,0.000037,0.000047,0.000084
data/personalization/salenatang/frames/20260517_124640/salenatang_happy_5_004_1779036478712.jpg,happy,5,happy,3.692,1,0.000042,0.999817,0.000033,0.000034,0.000073
data/personalization/salenatang/frames/20260517_124640/salenatang_happy_5_004_1779036478910.jpg,happy,5,happy,3.541,1,0.000048,0.999804,0.000041,0.000036,0.000071
data/personalization/salenatang/frames/20260517_124640/salenatang_happy_5_004_1779036479111.jpg,happy,5,happy,3.680,1,0.000046,0.999814,0.000037,0.000037,0.000066
data/personalization/salenatang/frames/20260517_124640/salenatang_sad_1_005_1779036482841.jpg,sad,1,sad,3.963,1,0.003055,0.000144,0.000452,0.995916,0.000434
data/personalization/salenatang/frames/20260517_124640/salenatang_sad_1_005_1779036483009.jpg,sad,1,sad,3.963,1,0.002780,0.000154,0.000437,0.996240,0.000389
data/personalization/salenatang/frames/20260517_124640/salenatang_sad_1_005_1779036483213.jpg,sad,1,sad,3.963,1,0.000726,0.000092,0.000255,0.998726,0.000201
data/personalization/salenatang/frames/20260517_124640/salenatang_sad_1_005_1779036483414.jpg,sad,1,sad,3.963,1,0.001129,0.000106,0.000268,0.998200,0.000297
data/personalization/salenatang/frames/20260517_124640/salenatang_sad_1_005_1779036483612.jpg,sad,1,sad,3.963,1,0.000463,0.000074,0.000183,0.999129,0.000151
data/personalization/salenatang/frames/20260517_124640/salenatang_sad_1_005_1779036483812.jpg,sad,1,sad,3.963,1,0.000130,0.000063,0.000184,0.999431,0.000192
data/personalization/salenatang/frames/20260517_124640/salenatang_sad_1_005_1779036484011.jpg,sad,1,sad,3.963,1,0.000940,0.000153,0.000334,0.998274,0.000300
data/personalization/salenatang/frames/20260517_124640/salenatang_sad_1_005_1779036484215.jpg,sad,1,sad,3.963,1,0.001590,0.000170,0.000367,0.997526,0.000347
data/personalization/salenatang/frames/20260517_124640/salenatang_sad_1_005_1779036484413.jpg,sad,1,sad,3.963,1,0.001285,0.000245,0.000402,0.997720,0.000348
data/personalization/salenatang/frames/20260517_124640/salenatang_sad_1_005_1779036484608.jpg,sad,1,sad,3.963,1,0.000082,0.000063,0.000182,0.999529,0.000143
data/personalization/salenatang/frames/20260517_124640/salenatang_sad_1_005_1779036484813.jpg,sad,1,sad,3.963,1,0.000107,0.000067,0.000192,0.999486,0.000148
data/personalization/salenatang/frames/20260517_124640/salenatang_sad_1_005_1779036485009.jpg,sad,1,sad,3.963,1,0.000158,0.000083,0.000189,0.999376,0.000194
data/personalization/salenatang/frames/20260517_124640/salenatang_sad_1_005_1779036485207.jpg,sad,1,sad,3.963,1,0.000211,0.000108,0.000206,0.999288,0.000187
data/personalization/salenatang/frames/20260517_124640/salenatang_sad_1_005_1779036485410.jpg,sad,1,sad,3.963,1,0.000175,0.000074,0.000218,0.999352,0.000182
data/personalization/salenatang/frames/20260517_124640/salenatang_sad_1_005_1779036485611.jpg,sad,1,sad,3.963,1,0.000158,0.000083,0.000183,0.999372,0.000204
data/personalization/salenatang/frames/20260517_124640/salenatang_sad_1_005_1779036485813.jpg,sad,1,sad,3.963,1,0.000292,0.000102,0.000201,0.999122,0.000283
data/personalization/salenatang/frames/20260517_124640/salenatang_sad_1_005_1779036486012.jpg,sad,1,sad,3.963,1,0.000662,0.000190,0.000332,0.998491,0.000325
data/personalization/salenatang/frames/20260517_124640/salenatang_sad_1_005_1779036486212.jpg,sad,1,sad,3.963,1,0.000198,0.000118,0.000143,0.999390,0.000151
data/personalization/salenatang/frames/20260517_124640/salenatang_sad_1_005_1779036486413.jpg,sad,1,sad,3.963,1,0.000128,0.000087,0.000174,0.999420,0.000190
data/personalization/salenatang/frames/20260517_124640/salenatang_sad_1_005_1779036486612.jpg,sad,1,sad,3.963,1,0.000153,0.000111,0.000181,0.999373,0.000182
data/personalization/salenatang/frames/20260517_124640/salenatang_sad_1_005_1779036486813.jpg,sad,1,sad,3.963,1,0.000144,0.000091,0.000159,0.999446,0.000161
data/personalization/salenatang/frames/20260517_124640/salenatang_sad_1_005_1779036487001.jpg,sad,1,sad,3.963,1,0.000182,0.000084,0.000135,0.999449,0.000151
data/personalization/salenatang/frames/20260517_124640/salenatang_sad_1_005_1779036487201.jpg,sad,1,sad,3.963,1,0.000073,0.000056,0.000131,0.999646,0.000093
data/personalization/salenatang/frames/20260517_124640/salenatang_sad_1_005_1779036487402.jpg,sad,1,sad,3.963,1,0.000104,0.000058,0.000131,0.999602,0.000105
data/personalization/salenatang/frames/20260517_124640/salenatang_sad_1_005_1779036487609.jpg,sad,1,sad,3.963,1,0.000144,0.000058,0.000166,0.999516,0.000116
data/personalization/salenatang/frames/20260517_124640/salenatang_sad_1_005_1779036487814.jpg,sad,1,sad,3.963,1,0.000130,0.000064,0.000181,0.999495,0.000129
data/personalization/salenatang/frames/20260517_124640/salenatang_sad_1_005_1779036488010.jpg,sad,1,sad,3.963,1,0.000183,0.000052,0.000138,0.999504,0.000122
data/personalization/salenatang/frames/20260517_124640/salenatang_sad_1_005_1779036488213.jpg,sad,1,sad,3.963,1,0.000089,0.000065,0.000162,0.999484,0.000201
data/personalization/salenatang/frames/20260517_124640/salenatang_sad_1_005_1779036488414.jpg,sad,1,sad,3.963,1,0.000278,0.000104,0.000196,0.999098,0.000325
data/personalization/salenatang/frames/20260517_124640/salenatang_sad_1_005_1779036488611.jpg,sad,1,sad,3.963,1,0.000105,0.000069,0.000296,0.999368,0.000162
data/personalization/salenatang/frames/20260517_124640/salenatang_sad_1_005_1779036488815.jpg,sad,1,sad,3.963,1,0.000122,0.000066,0.000200,0.999447,0.000165
data/personalization/salenatang/frames/20260517_124640/salenatang_sad_2_006_1779036490011.jpg,sad,2,sad,3.963,1,0.000518,0.000112,0.000258,0.998828,0.000285
data/personalization/salenatang/frames/20260517_124640/salenatang_sad_2_006_1779036490181.jpg,sad,2,sad,3.963,1,0.000863,0.000180,0.000369,0.998231,0.000357
data/personalization/salenatang/frames/20260517_124640/salenatang_sad_2_006_1779036490378.jpg,sad,2,sad,3.963,1,0.000242,0.000092,0.000208,0.999256,0.000202
data/personalization/salenatang/frames/20260517_124640/salenatang_sad_2_006_1779036490581.jpg,sad,2,sad,3.963,1,0.000137,0.000095,0.000176,0.999411,0.000180
data/personalization/salenatang/frames/20260517_124640/salenatang_sad_2_006_1779036490778.jpg,sad,2,sad,3.963,1,0.000112,0.000073,0.000128,0.999520,0.000167
data/personalization/salenatang/frames/20260517_124640/salenatang_sad_2_006_1779036490979.jpg,sad,2,sad,3.963,1,0.000078,0.000081,0.000152,0.999511,0.000178
data/personalization/salenatang/frames/20260517_124640/salenatang_sad_2_006_1779036491176.jpg,sad,2,sad,3.963,1,0.000100,0.000083,0.000151,0.999516,0.000150
data/personalization/salenatang/frames/20260517_124640/salenatang_sad_2_006_1779036491376.jpg,sad,2,sad,3.963,1,0.000106,0.000081,0.000159,0.999519,0.000135
data/personalization/salenatang/frames/20260517_124640/salenatang_sad_2_006_1779036491581.jpg,sad,2,sad,3.963,1,0.000100,0.000071,0.000140,0.999533,0.000155
data/personalization/salenatang/frames/20260517_124640/salenatang_sad_2_006_1779036491778.jpg,sad,2,sad,3.963,1,0.000068,0.000067,0.000138,0.999588,0.000139
data/personalization/salenatang/frames/20260517_124640/salenatang_sad_2_006_1779036491980.jpg,sad,2,sad,3.963,1,0.000082,0.000074,0.000164,0.999542,0.000137
data/personalization/salenatang/frames/20260517_124640/salenatang_sad_2_006_1779036492180.jpg,sad,2,sad,3.963,1,0.000089,0.000071,0.000177,0.999513,0.000150
data/personalization/salenatang/frames/20260517_124640/salenatang_sad_2_006_1779036492382.jpg,sad,2,sad,3.963,1,0.000248,0.000090,0.000233,0.999238,0.000190
data/personalization/salenatang/frames/20260517_124640/salenatang_sad_2_006_1779036492581.jpg,sad,2,sad,3.963,1,0.000167,0.000090,0.000193,0.999390,0.000161
data/personalization/salenatang/frames/20260517_124640/salenatang_sad_2_006_1779036492780.jpg,sad,2,sad,3.963,1,0.000152,0.000091,0.000188,0.999406,0.000163
data/personalization/salenatang/frames/20260517_124640/salenatang_sad_2_006_1779036492978.jpg,sad,2,sad,3.963,1,0.000477,0.000120,0.000257,0.998911,0.000235
data/personalization/salenatang/frames/20260517_124640/salenatang_sad_2_006_1779036493179.jpg,sad,2,sad,3.963,1,0.000197,0.000099,0.000239,0.999285,0.000180
data/personalization/salenatang/frames/20260517_124640/salenatang_sad_2_006_1779036493380.jpg,sad,2,sad,3.963,1,0.000177,0.000090,0.000198,0.999368,0.000167
data/personalization/salenatang/frames/20260517_124640/salenatang_sad_2_006_1779036493578.jpg,sad,2,sad,3.963,1,0.000090,0.000050,0.000153,0.999572,0.000136
data/personalization/salenatang/frames/20260517_124640/salenatang_sad_2_006_1779036493778.jpg,sad,2,sad,3.963,1,0.000082,0.000071,0.000153,0.999548,0.000146
data/personalization/salenatang/frames/20260517_124640/salenatang_sad_2_006_1779036493968.jpg,sad,2,sad,3.963,1,0.000090,0.000074,0.000149,0.999524,0.000164
data/personalization/salenatang/frames/20260517_124640/salenatang_sad_2_006_1779036494178.jpg,sad,2,sad,3.963,1,0.000469,0.000102,0.000196,0.999042,0.000191
data/personalization/salenatang/frames/20260517_124640/salenatang_sad_2_006_1779036494373.jpg,sad,2,sad,3.963,1,0.000109,0.000065,0.000131,0.999556,0.000139
data/personalization/salenatang/frames/20260517_124640/salenatang_sad_2_006_1779036494569.jpg,sad,2,sad,3.963,1,0.000175,0.000064,0.000165,0.999395,0.000201
data/personalization/salenatang/frames/20260517_124640/salenatang_sad_2_006_1779036494769.jpg,sad,2,sad,3.963,1,0.000623,0.000110,0.000208,0.998897,0.000162
data/personalization/salenatang/frames/20260517_124640/salenatang_sad_2_006_1779036494981.jpg,sad,2,sad,3.963,1,0.000159,0.000075,0.000162,0.999471,0.000133
data/personalization/salenatang/frames/20260517_124640/salenatang_sad_2_006_1779036495180.jpg,sad,2,sad,3.963,1,0.000410,0.000115,0.000197,0.999119,0.000160
data/personalization/salenatang/frames/20260517_124640/salenatang_sad_2_006_1779036495376.jpg,sad,2,sad,3.963,1,0.000292,0.000089,0.000171,0.999264,0.000183
data/personalization/salenatang/frames/20260517_124640/salenatang_sad_2_006_1779036495579.jpg,sad,2,sad,3.963,1,0.000129,0.000074,0.000147,0.999530,0.000120
data/personalization/salenatang/frames/20260517_124640/salenatang_sad_2_006_1779036495782.jpg,sad,2,sad,3.963,1,0.000405,0.000099,0.000223,0.998997,0.000276
data/personalization/salenatang/frames/20260517_124640/salenatang_sad_2_006_1779036495980.jpg,sad,2,sad,3.963,1,0.000603,0.000106,0.000219,0.998798,0.000273
data/personalization/salenatang/frames/20260517_124640/salenatang_sad_3_007_1779036497414.jpg,sad,3,sad,3.963,1,0.000121,0.000082,0.000157,0.999454,0.000185
data/personalization/salenatang/frames/20260517_124640/salenatang_sad_3_007_1779036497579.jpg,sad,3,sad,3.963,1,0.000242,0.000096,0.000159,0.999368,0.000135
data/personalization/salenatang/frames/20260517_124640/salenatang_sad_3_007_1779036497782.jpg,sad,3,sad,3.963,1,0.000074,0.000077,0.000123,0.999560,0.000166
data/personalization/salenatang/frames/20260517_124640/salenatang_sad_3_007_1779036497980.jpg,sad,3,sad,3.963,1,0.000129,0.000101,0.000158,0.999448,0.000164
data/personalization/salenatang/frames/20260517_124640/salenatang_sad_3_007_1779036498179.jpg,sad,3,sad,3.963,1,0.000106,0.000083,0.000124,0.999556,0.000131
data/personalization/salenatang/frames/20260517_124640/salenatang_sad_3_007_1779036498379.jpg,sad,3,sad,3.963,1,0.000128,0.000065,0.000140,0.999576,0.000092
data/personalization/salenatang/frames/20260517_124640/salenatang_sad_3_007_1779036498580.jpg,sad,3,sad,3.963,1,0.000082,0.000082,0.000122,0.999592,0.000122
data/personalization/salenatang/frames/20260517_124640/salenatang_sad_3_007_1779036498774.jpg,sad,3,sad,3.963,1,0.000093,0.000086,0.000128,0.999549,0.000144
data/personalization/salenatang/frames/20260517_124640/salenatang_sad_3_007_1779036498979.jpg,sad,3,sad,3.963,1,0.000103,0.000069,0.000134,0.999551,0.000143
data/personalization/salenatang/frames/20260517_124640/salenatang_sad_3_007_1779036499181.jpg,sad,3,sad,3.963,1,0.000084,0.000060,0.000117,0.999616,0.000122
data/personalization/salenatang/frames/20260517_124640/salenatang_sad_3_007_1779036499381.jpg,sad,3,sad,3.963,1,0.000077,0.000074,0.000117,0.999583,0.000149
data/personalization/salenatang/frames/20260517_124640/salenatang_sad_3_007_1779036499579.jpg,sad,3,sad,3.963,1,0.000086,0.000079,0.000124,0.999604,0.000107
data/personalization/salenatang/frames/20260517_124640/salenatang_sad_3_007_1779036499781.jpg,sad,3,sad,3.963,1,0.000111,0.000073,0.000155,0.999556,0.000105
data/personalization/salenatang/frames/20260517_124640/salenatang_sad_3_007_1779036499978.jpg,sad,3,sad,3.963,1,0.000109,0.000091,0.000152,0.999522,0.000126
data/personalization/salenatang/frames/20260517_124640/salenatang_sad_3_007_1779036500179.jpg,sad,3,sad,3.963,1,0.000090,0.000089,0.000103,0.999608,0.000110
data/personalization/salenatang/frames/20260517_124640/salenatang_sad_3_007_1779036500381.jpg,sad,3,sad,3.963,1,0.000131,0.000100,0.000165,0.999456,0.000149
data/personalization/salenatang/frames/20260517_124640/salenatang_sad_3_007_1779036500581.jpg,sad,3,sad,3.963,1,0.000234,0.000158,0.000186,0.999197,0.000225
data/personalization/salenatang/frames/20260517_124640/salenatang_sad_3_007_1779036500783.jpg,sad,3,sad,3.963,1,0.000149,0.000094,0.000150,0.999437,0.000170
data/personalization/salenatang/frames/20260517_124640/salenatang_sad_3_007_1779036500982.jpg,sad,3,sad,3.963,1,0.000108,0.000099,0.000155,0.999478,0.000159
data/personalization/salenatang/frames/20260517_124640/salenatang_sad_3_007_1779036501182.jpg,sad,3,sad,3.963,1,0.000140,0.000099,0.000163,0.999406,0.000191
data/personalization/salenatang/frames/20260517_124640/salenatang_sad_3_007_1779036501368.jpg,sad,3,sad,3.963,1,0.000170,0.000110,0.000167,0.999358,0.000195
data/personalization/salenatang/frames/20260517_124640/salenatang_sad_3_007_1779036501571.jpg,sad,3,sad,3.963,1,0.000098,0.000104,0.000154,0.999497,0.000146
data/personalization/salenatang/frames/20260517_124640/salenatang_sad_3_007_1779036501769.jpg,sad,3,sad,3.963,1,0.000099,0.000089,0.000164,0.999492,0.000156
data/personalization/salenatang/frames/20260517_124640/salenatang_sad_3_007_1779036501980.jpg,sad,3,sad,3.963,1,0.000107,0.000048,0.000123,0.999628,0.000094
data/personalization/salenatang/frames/20260517_124640/salenatang_sad_3_007_1779036502181.jpg,sad,3,sad,3.963,1,0.000141,0.000063,0.000141,0.999551,0.000103
data/personalization/salenatang/frames/20260517_124640/salenatang_sad_3_007_1779036502382.jpg,sad,3,sad,3.963,1,0.000117,0.000060,0.000132,0.999597,0.000094
data/personalization/salenatang/frames/20260517_124640/salenatang_sad_3_007_1779036502579.jpg,sad,3,sad,3.963,1,0.000093,0.000068,0.000121,0.999604,0.000114
data/personalization/salenatang/frames/20260517_124640/salenatang_sad_3_007_1779036502781.jpg,sad,3,sad,3.963,1,0.000112,0.000098,0.000142,0.999490,0.000158
data/personalization/salenatang/frames/20260517_124640/salenatang_sad_3_007_1779036502980.jpg,sad,3,sad,3.963,1,0.000121,0.000091,0.000141,0.999475,0.000172
data/personalization/salenatang/frames/20260517_124640/salenatang_sad_3_007_1779036503177.jpg,sad,3,sad,3.963,1,0.000160,0.000093,0.000150,0.999418,0.000178
data/personalization/salenatang/frames/20260517_124640/salenatang_sad_3_007_1779036503382.jpg,sad,3,sad,3.963,1,0.000103,0.000046,0.000124,0.999643,0.000084
data/personalization/salenatang/frames/20260517_124640/salenatang_sad_4_008_1779036504570.jpg,sad,4,sad,3.963,1,0.000551,0.000192,0.000080,0.999121,0.000057
data/personalization/salenatang/frames/20260517_124640/salenatang_sad_4_008_1779036504736.jpg,sad,4,sad,3.963,1,0.000547,0.000136,0.000047,0.999235,0.000035
data/personalization/salenatang/frames/20260517_124640/salenatang_sad_4_008_1779036504936.jpg,sad,4,sad,3.963,1,0.000372,0.000161,0.000047,0.999383,0.000036
data/personalization/salenatang/frames/20260517_124640/salenatang_sad_4_008_1779036505144.jpg,sad,4,sad,3.963,1,0.000779,0.000239,0.000055,0.998886,0.000040
data/personalization/salenatang/frames/20260517_124640/salenatang_sad_4_008_1779036505347.jpg,sad,4,sad,3.963,1,0.000384,0.000215,0.000082,0.999252,0.000068
data/personalization/salenatang/frames/20260517_124640/salenatang_sad_4_008_1779036505551.jpg,sad,4,sad,3.963,1,0.000554,0.000193,0.000083,0.999112,0.000058
data/personalization/salenatang/frames/20260517_124640/salenatang_sad_4_008_1779036505748.jpg,sad,4,sad,3.963,1,0.000484,0.000173,0.000050,0.999246,0.000047
data/personalization/salenatang/frames/20260517_124640/salenatang_sad_4_008_1779036505946.jpg,sad,4,sad,3.963,1,0.000669,0.000145,0.000040,0.999104,0.000042
data/personalization/salenatang/frames/20260517_124640/salenatang_sad_4_008_1779036506145.jpg,sad,4,sad,3.963,1,0.000570,0.000126,0.000029,0.999239,0.000036
data/personalization/salenatang/frames/20260517_124640/salenatang_sad_4_008_1779036506345.jpg,sad,4,sad,3.963,1,0.000485,0.000120,0.000030,0.999321,0.000044
data/personalization/salenatang/frames/20260517_124640/salenatang_sad_4_008_1779036506552.jpg,sad,4,sad,3.963,1,0.000611,0.000124,0.000032,0.999187,0.000046
data/personalization/salenatang/frames/20260517_124640/salenatang_sad_4_008_1779036506745.jpg,sad,4,sad,3.963,1,0.000575,0.000130,0.000039,0.999191,0.000065
data/personalization/salenatang/frames/20260517_124640/salenatang_sad_4_008_1779036506945.jpg,sad,4,sad,3.963,1,0.000478,0.000136,0.000038,0.999271,0.000076
data/personalization/salenatang/frames/20260517_124640/salenatang_sad_4_008_1779036507150.jpg,sad,4,sad,3.963,1,0.000586,0.000139,0.000046,0.999146,0.000083
data/personalization/salenatang/frames/20260517_124640/salenatang_sad_4_008_1779036507340.jpg,sad,4,sad,3.963,1,0.000761,0.000149,0.000055,0.998939,0.000095
data/personalization/salenatang/frames/20260517_124640/salenatang_sad_4_008_1779036507551.jpg,sad,4,sad,3.963,1,0.000833,0.000160,0.000066,0.998808,0.000133
data/personalization/salenatang/frames/20260517_124640/salenatang_sad_4_008_1779036507746.jpg,sad,4,sad,3.963,1,0.000677,0.000123,0.000046,0.999067,0.000087
data/personalization/salenatang/frames/20260517_124640/salenatang_sad_4_008_1779036507948.jpg,sad,4,sad,3.963,1,0.001142,0.000154,0.000063,0.998524,0.000118
data/personalization/salenatang/frames/20260517_124640/salenatang_sad_4_008_1779036508150.jpg,sad,4,sad,3.963,1,0.001091,0.000148,0.000060,0.998589,0.000112
data/personalization/salenatang/frames/20260517_124640/salenatang_sad_4_008_1779036508344.jpg,sad,4,sad,3.963,1,0.000820,0.000121,0.000048,0.998913,0.000098
data/personalization/salenatang/frames/20260517_124640/salenatang_sad_4_008_1779036508552.jpg,sad,4,sad,3.963,1,0.000777,0.000136,0.000068,0.998890,0.000129
data/personalization/salenatang/frames/20260517_124640/salenatang_sad_4_008_1779036508749.jpg,sad,4,sad,3.963,1,0.001662,0.000142,0.000094,0.997964,0.000138
data/personalization/salenatang/frames/20260517_124640/salenatang_sad_4_008_1779036508944.jpg,sad,4,sad,3.963,1,0.000526,0.000104,0.000076,0.999193,0.000101
data/personalization/salenatang/frames/20260517_124640/salenatang_sad_4_008_1779036509144.jpg,sad,4,sad,3.963,1,0.001346,0.000212,0.000090,0.998136,0.000216
data/personalization/salenatang/frames/20260517_124640/salenatang_sad_4_008_1779036509351.jpg,sad,4,sad,3.963,1,0.001035,0.000201,0.000112,0.998453,0.000200
data/personalization/salenatang/frames/20260517_124640/salenatang_sad_4_008_1779036509544.jpg,sad,4,sad,3.963,1,0.001083,0.000210,0.000092,0.998382,0.000233
data/personalization/salenatang/frames/20260517_124640/salenatang_sad_4_008_1779036509737.jpg,sad,4,sad,3.963,1,0.000906,0.000185,0.000080,0.998630,0.000199
data/personalization/salenatang/frames/20260517_124640/salenatang_sad_4_008_1779036509939.jpg,sad,4,sad,3.963,1,0.000862,0.000172,0.000096,0.998667,0.000205
data/personalization/salenatang/frames/20260517_124640/salenatang_sad_4_008_1779036510148.jpg,sad,4,sad,3.963,1,0.001718,0.000213,0.000117,0.997726,0.000227
data/personalization/salenatang/frames/20260517_124640/salenatang_sad_4_008_1779036510349.jpg,sad,4,sad,3.963,1,0.001388,0.000158,0.000106,0.998172,0.000177
data/personalization/salenatang/frames/20260517_124640/salenatang_sad_4_008_1779036510552.jpg,sad,4,sad,3.963,1,0.000829,0.000141,0.000098,0.998778,0.000154
data/personalization/salenatang/frames/20260517_124640/salenatang_sad_5_009_1779036511817.jpg,sad,5,sad,3.963,1,0.000184,0.000074,0.000042,0.999626,0.000073
data/personalization/salenatang/frames/20260517_124640/salenatang_sad_5_009_1779036511986.jpg,sad,5,sad,3.963,1,0.000542,0.000069,0.000038,0.999278,0.000073
data/personalization/salenatang/frames/20260517_124640/salenatang_sad_5_009_1779036512179.jpg,sad,5,sad,3.963,1,0.000610,0.000100,0.000042,0.999190,0.000059
data/personalization/salenatang/frames/20260517_124640/salenatang_sad_5_009_1779036512383.jpg,sad,5,sad,3.963,1,0.000756,0.000100,0.000037,0.999030,0.000076
data/personalization/salenatang/frames/20260517_124640/salenatang_sad_5_009_1779036512580.jpg,sad,5,sad,3.963,1,0.001060,0.000114,0.000041,0.998685,0.000100
data/personalization/salenatang/frames/20260517_124640/salenatang_sad_5_009_1779036512781.jpg,sad,5,sad,3.963,1,0.000763,0.000088,0.000030,0.999043,0.000075
data/personalization/salenatang/frames/20260517_124640/salenatang_sad_5_009_1779036512984.jpg,sad,5,sad,3.963,1,0.001857,0.000128,0.000044,0.997854,0.000117
data/personalization/salenatang/frames/20260517_124640/salenatang_sad_5_009_1779036513180.jpg,sad,5,sad,3.963,1,0.001620,0.000131,0.000044,0.998107,0.000098
data/personalization/salenatang/frames/20260517_124640/salenatang_sad_5_009_1779036513379.jpg,sad,5,sad,3.963,1,0.001093,0.000101,0.000041,0.998682,0.000082
data/personalization/salenatang/frames/20260517_124640/salenatang_sad_5_009_1779036513583.jpg,sad,5,sad,3.963,1,0.000767,0.000116,0.000043,0.998993,0.000081
data/personalization/salenatang/frames/20260517_124640/salenatang_sad_5_009_1779036513784.jpg,sad,5,sad,3.963,1,0.000903,0.000123,0.000045,0.998855,0.000074
data/personalization/salenatang/frames/20260517_124640/salenatang_sad_5_009_1779036513982.jpg,sad,5,sad,3.963,1,0.000760,0.000122,0.000045,0.998997,0.000075
data/personalization/salenatang/frames/20260517_124640/salenatang_sad_5_009_1779036514182.jpg,sad,5,sad,3.963,1,0.001190,0.000145,0.000058,0.998507,0.000099
data/personalization/salenatang/frames/20260517_124640/salenatang_sad_5_009_1779036514383.jpg,sad,5,sad,3.963,1,0.000847,0.000091,0.000038,0.998962,0.000063
data/personalization/salenatang/frames/20260517_124640/salenatang_sad_5_009_1779036514584.jpg,sad,5,sad,3.963,1,0.000723,0.000104,0.000039,0.999065,0.000070
data/personalization/salenatang/frames/20260517_124640/salenatang_sad_5_009_1779036514781.jpg,sad,5,sad,3.963,1,0.000700,0.000105,0.000042,0.999081,0.000071
data/personalization/salenatang/frames/20260517_124640/salenatang_sad_5_009_1779036514981.jpg,sad,5,sad,3.963,1,0.000562,0.000105,0.000038,0.999225,0.000070
data/personalization/salenatang/frames/20260517_124640/salenatang_sad_5_009_1779036515182.jpg,sad,5,sad,3.963,1,0.000944,0.000120,0.000048,0.998802,0.000086
data/personalization/salenatang/frames/20260517_124640/salenatang_sad_5_009_1779036515383.jpg,sad,5,sad,3.963,1,0.000695,0.000116,0.000046,0.999067,0.000077
data/personalization/salenatang/frames/20260517_124640/salenatang_sad_5_009_1779036515582.jpg,sad,5,sad,3.963,1,0.000587,0.000136,0.000047,0.999153,0.000078
data/personalization/salenatang/frames/20260517_124640/salenatang_sad_5_009_1779036515782.jpg,sad,5,sad,3.963,1,0.000621,0.000099,0.000039,0.999179,0.000062
data/personalization/salenatang/frames/20260517_124640/salenatang_sad_5_009_1779036515983.jpg,sad,5,sad,3.963,1,0.001037,0.000092,0.000036,0.998776,0.000059
data/personalization/salenatang/frames/20260517_124640/salenatang_sad_5_009_1779036516185.jpg,sad,5,sad,3.963,1,0.000829,0.000089,0.000039,0.998972,0.000071
data/personalization/salenatang/frames/20260517_124640/salenatang_sad_5_009_1779036516382.jpg,sad,5,sad,3.963,1,0.000817,0.000119,0.000042,0.998949,0.000073
data/personalization/salenatang/frames/20260517_124640/salenatang_sad_5_009_1779036516584.jpg,sad,5,sad,3.963,1,0.000628,0.000120,0.000045,0.999136,0.000071
data/personalization/salenatang/frames/20260517_124640/salenatang_sad_5_009_1779036516779.jpg,sad,5,sad,3.963,1,0.000585,0.000124,0.000050,0.999159,0.000082
data/personalization/salenatang/frames/20260517_124640/salenatang_sad_5_009_1779036516985.jpg,sad,5,sad,3.963,1,0.000607,0.000124,0.000045,0.999150,0.000074
data/personalization/salenatang/frames/20260517_124640/salenatang_sad_5_009_1779036517185.jpg,sad,5,sad,3.963,1,0.000503,0.000130,0.000045,0.999243,0.000079
data/personalization/salenatang/frames/20260517_124640/salenatang_sad_5_009_1779036517385.jpg,sad,5,sad,3.963,1,0.001192,0.000150,0.000060,0.998462,0.000136
data/personalization/salenatang/frames/20260517_124640/salenatang_sad_5_009_1779036517575.jpg,sad,5,sad,3.963,1,0.000940,0.000143,0.000049,0.998765,0.000104
data/personalization/salenatang/frames/20260517_124640/salenatang_sad_5_009_1779036517781.jpg,sad,5,sad,3.963,1,0.000980,0.000157,0.000051,0.998714,0.000098
data/personalization/salenatang/frames/20260517_124640/salenatang_angry_1_010_1779036519782.jpg,angry,1,sad,3.963,0,0.491953,0.000544,0.003081,0.494965,0.009457
data/personalization/salenatang/frames/20260517_124640/salenatang_angry_1_010_1779036519944.jpg,angry,1,angry,2.796,1,0.859849,0.000325,0.001798,0.134615,0.003413
data/personalization/salenatang/frames/20260517_124640/salenatang_angry_1_010_1779036520146.jpg,angry,1,angry,2.796,1,0.998756,0.000022,0.000106,0.001004,0.000113
data/personalization/salenatang/frames/20260517_124640/salenatang_angry_1_010_1779036520351.jpg,angry,1,angry,2.796,1,0.998408,0.000035,0.000137,0.001313,0.000107
data/personalization/salenatang/frames/20260517_124640/salenatang_angry_1_010_1779036520548.jpg,angry,1,angry,2.796,1,0.994010,0.000080,0.000251,0.005428,0.000230
data/personalization/salenatang/frames/20260517_124640/salenatang_angry_1_010_1779036520739.jpg,angry,1,angry,2.796,1,0.995101,0.000048,0.000228,0.004427,0.000197
data/personalization/salenatang/frames/20260517_124640/salenatang_angry_1_010_1779036520939.jpg,angry,1,angry,2.842,1,0.998922,0.000025,0.000094,0.000867,0.000092
data/personalization/salenatang/frames/20260517_124640/salenatang_angry_1_010_1779036521148.jpg,angry,1,angry,2.796,1,0.998136,0.000028,0.000124,0.001608,0.000104
data/personalization/salenatang/frames/20260517_124640/salenatang_angry_1_010_1779036521348.jpg,angry,1,angry,2.911,1,0.999128,0.000027,0.000089,0.000676,0.000080
data/personalization/salenatang/frames/20260517_124640/salenatang_angry_1_010_1779036521550.jpg,angry,1,angry,2.856,1,0.998965,0.000023,0.000098,0.000840,0.000074
data/personalization/salenatang/frames/20260517_124640/salenatang_angry_1_010_1779036521747.jpg,angry,1,angry,2.796,1,0.997390,0.000049,0.000135,0.002308,0.000118
data/personalization/salenatang/frames/20260517_124640/salenatang_angry_1_010_1779036521950.jpg,angry,1,angry,2.796,1,0.997543,0.000048,0.000125,0.002168,0.000117
data/personalization/salenatang/frames/20260517_124640/salenatang_angry_1_010_1779036522148.jpg,angry,1,angry,2.808,1,0.998827,0.000032,0.000080,0.000995,0.000067
data/personalization/salenatang/frames/20260517_124640/salenatang_angry_1_010_1779036522345.jpg,angry,1,angry,2.796,1,0.998637,0.000031,0.000077,0.001187,0.000068
data/personalization/salenatang/frames/20260517_124640/salenatang_angry_1_010_1779036522550.jpg,angry,1,angry,2.942,1,0.999232,0.000024,0.000067,0.000625,0.000052
data/personalization/salenatang/frames/20260517_124640/salenatang_angry_1_010_1779036522751.jpg,angry,1,angry,3.010,1,0.999442,0.000018,0.000050,0.000449,0.000040
data/personalization/salenatang/frames/20260517_124640/salenatang_angry_1_010_1779036522949.jpg,angry,1,angry,2.983,1,0.999355,0.000019,0.000075,0.000503,0.000048
data/personalization/salenatang/frames/20260517_124640/salenatang_angry_1_010_1779036523146.jpg,angry,1,angry,3.035,1,0.999509,0.000017,0.000075,0.000358,0.000041
data/personalization/salenatang/frames/20260517_124640/salenatang_angry_1_010_1779036523347.jpg,angry,1,angry,3.071,1,0.999625,0.000014,0.000050,0.000278,0.000034
data/personalization/salenatang/frames/20260517_124640/salenatang_angry_1_010_1779036523551.jpg,angry,1,angry,3.099,1,0.999713,0.000012,0.000040,0.000210,0.000025
data/personalization/salenatang/frames/20260517_124640/salenatang_angry_1_010_1779036523747.jpg,angry,1,angry,3.070,1,0.999623,0.000012,0.000044,0.000290,0.000031
data/personalization/salenatang/frames/20260517_124640/salenatang_angry_1_010_1779036523951.jpg,angry,1,angry,3.075,1,0.999632,0.000014,0.000070,0.000251,0.000033
data/personalization/salenatang/frames/20260517_124640/salenatang_angry_1_010_1779036524145.jpg,angry,1,angry,3.077,1,0.999644,0.000012,0.000048,0.000267,0.000030
data/personalization/salenatang/frames/20260517_124640/salenatang_angry_1_010_1779036524349.jpg,angry,1,angry,3.088,1,0.999679,0.000012,0.000042,0.000240,0.000027
data/personalization/salenatang/frames/20260517_124640/salenatang_angry_1_010_1779036524550.jpg,angry,1,angry,2.867,1,0.998996,0.000023,0.000094,0.000800,0.000087
data/personalization/salenatang/frames/20260517_124640/salenatang_angry_1_010_1779036524747.jpg,angry,1,angry,2.935,1,0.999205,0.000019,0.000099,0.000630,0.000046
data/personalization/salenatang/frames/20260517_124640/salenatang_angry_1_010_1779036524952.jpg,angry,1,angry,2.932,1,0.999196,0.000021,0.000093,0.000636,0.000054
data/personalization/salenatang/frames/20260517_124640/salenatang_angry_1_010_1779036525149.jpg,angry,1,angry,3.002,1,0.999412,0.000016,0.000082,0.000453,0.000037
data/personalization/salenatang/frames/20260517_124640/salenatang_angry_1_010_1779036525348.jpg,angry,1,angry,2.981,1,0.999338,0.000017,0.000116,0.000481,0.000048
data/personalization/salenatang/frames/20260517_124640/salenatang_angry_1_010_1779036525553.jpg,angry,1,angry,2.971,1,0.999315,0.000017,0.000079,0.000535,0.000053
data/personalization/salenatang/frames/20260517_124640/salenatang_angry_1_010_1779036525746.jpg,angry,1,angry,2.998,1,0.999398,0.000016,0.000078,0.000456,0.000052
data/personalization/salenatang/frames/20260517_124640/salenatang_angry_2_011_1779036526507.jpg,angry,2,angry,2.931,1,0.999193,0.000021,0.000092,0.000635,0.000059
data/personalization/salenatang/frames/20260517_124640/salenatang_angry_2_011_1779036526672.jpg,angry,2,angry,2.929,1,0.999187,0.000019,0.000093,0.000640,0.000061
data/personalization/salenatang/frames/20260517_124640/salenatang_angry_2_011_1779036526873.jpg,angry,2,angry,2.893,1,0.999077,0.000021,0.000099,0.000740,0.000063
data/personalization/salenatang/frames/20260517_124640/salenatang_angry_2_011_1779036527081.jpg,angry,2,angry,2.958,1,0.999276,0.000018,0.000086,0.000569,0.000052
data/personalization/salenatang/frames/20260517_124640/salenatang_angry_2_011_1779036527283.jpg,angry,2,angry,3.043,1,0.999539,0.000014,0.000061,0.000350,0.000035
data/personalization/salenatang/frames/20260517_124640/salenatang_angry_2_011_1779036527482.jpg,angry,2,angry,3.058,1,0.999582,0.000014,0.000071,0.000299,0.000034
data/personalization/salenatang/frames/20260517_124640/salenatang_angry_2_011_1779036527684.jpg,angry,2,angry,3.085,1,0.999663,0.000014,0.000069,0.000225,0.000029
data/personalization/salenatang/frames/20260517_124640/salenatang_angry_2_011_1779036527883.jpg,angry,2,angry,3.101,1,0.999714,0.000014,0.000051,0.000196,0.000026
data/personalization/salenatang/frames/20260517_124640/salenatang_angry_2_011_1779036528082.jpg,angry,2,angry,3.104,1,0.999734,0.000014,0.000056,0.000174,0.000022
data/personalization/salenatang/frames/20260517_124640/salenatang_angry_2_011_1779036528282.jpg,angry,2,angry,3.102,1,0.999720,0.000012,0.000049,0.000197,0.000022
data/personalization/salenatang/frames/20260517_124640/salenatang_angry_2_011_1779036528479.jpg,angry,2,angry,3.104,1,0.999763,0.000010,0.000034,0.000171,0.000022
data/personalization/salenatang/frames/20260517_124640/salenatang_angry_2_011_1779036528681.jpg,angry,2,angry,3.084,1,0.999668,0.000010,0.000044,0.000253,0.000024
data/personalization/salenatang/frames/20260517_124640/salenatang_angry_2_011_1779036528881.jpg,angry,2,angry,3.104,1,0.999782,0.000009,0.000031,0.000156,0.000022
data/personalization/salenatang/frames/20260517_124640/salenatang_angry_2_011_1779036529082.jpg,angry,2,angry,3.104,1,0.999784,0.000008,0.000040,0.000150,0.000017
data/personalization/salenatang/frames/20260517_124640/salenatang_angry_2_011_1779036529286.jpg,angry,2,angry,3.104,1,0.999789,0.000009,0.000043,0.000144,0.000016
data/personalization/salenatang/frames/20260517_124640/salenatang_angry_2_011_1779036529484.jpg,angry,2,angry,3.094,1,0.999696,0.000010,0.000048,0.000225,0.000021
data/personalization/salenatang/frames/20260517_124640/salenatang_angry_2_011_1779036529680.jpg,angry,2,angry,3.044,1,0.999543,0.000013,0.000073,0.000346,0.000025
data/personalization/salenatang/frames/20260517_124640/salenatang_angry_2_011_1779036529883.jpg,angry,2,angry,3.083,1,0.999665,0.000010,0.000049,0.000255,0.000020
data/personalization/salenatang/frames/20260517_124640/salenatang_angry_2_011_1779036530080.jpg,angry,2,angry,3.096,1,0.999703,0.000010,0.000042,0.000226,0.000020
data/personalization/salenatang/frames/20260517_124640/salenatang_angry_2_011_1779036530284.jpg,angry,2,angry,3.104,1,0.999773,0.000008,0.000035,0.000166,0.000018
data/personalization/salenatang/frames/20260517_124640/salenatang_angry_2_011_1779036530487.jpg,angry,2,angry,3.100,1,0.999716,0.000009,0.000039,0.000216,0.000020
data/personalization/salenatang/frames/20260517_124640/salenatang_angry_2_011_1779036530684.jpg,angry,2,angry,3.104,1,0.999767,0.000008,0.000035,0.000171,0.000019
data/personalization/salenatang/frames/20260517_124640/salenatang_angry_2_011_1779036530883.jpg,angry,2,angry,2.953,1,0.999272,0.000014,0.000060,0.000615,0.000039
data/personalization/salenatang/frames/20260517_124640/salenatang_angry_2_011_1779036531084.jpg,angry,2,angry,3.098,1,0.999710,0.000009,0.000040,0.000218,0.000023
data/personalization/salenatang/frames/20260517_124640/salenatang_angry_2_011_1779036531282.jpg,angry,2,angry,3.085,1,0.999670,0.000010,0.000044,0.000253,0.000024
data/personalization/salenatang/frames/20260517_124640/salenatang_angry_2_011_1779036531485.jpg,angry,2,angry,3.087,1,0.999677,0.000010,0.000045,0.000246,0.000023
data/personalization/salenatang/frames/20260517_124640/salenatang_angry_2_011_1779036531683.jpg,angry,2,angry,3.046,1,0.999550,0.000011,0.000050,0.000357,0.000031
data/personalization/salenatang/frames/20260517_124640/salenatang_angry_2_011_1779036531882.jpg,angry,2,angry,3.102,1,0.999724,0.000009,0.000037,0.000209,0.000021
data/personalization/salenatang/frames/20260517_124640/salenatang_angry_2_011_1779036532083.jpg,angry,2,angry,3.052,1,0.999570,0.000012,0.000049,0.000336,0.000033
data/personalization/salenatang/frames/20260517_124640/salenatang_angry_2_011_1779036532281.jpg,angry,2,angry,3.074,1,0.999635,0.000011,0.000049,0.000276,0.000028
data/personalization/salenatang/frames/20260517_124640/salenatang_angry_2_011_1779036532486.jpg,angry,2,angry,3.091,1,0.999688,0.000010,0.000048,0.000230,0.000023
data/personalization/salenatang/frames/20260517_124640/salenatang_angry_3_012_1779036533908.jpg,angry,3,angry,2.796,1,0.998400,0.000025,0.000117,0.001387,0.000071
data/personalization/salenatang/frames/20260517_124640/salenatang_angry_3_012_1779036534082.jpg,angry,3,angry,2.796,1,0.998570,0.000019,0.000116,0.001193,0.000101
data/personalization/salenatang/frames/20260517_124640/salenatang_angry_3_012_1779036534285.jpg,angry,3,angry,2.955,1,0.999275,0.000013,0.000073,0.000597,0.000043
data/personalization/salenatang/frames/20260517_124640/salenatang_angry_3_012_1779036534486.jpg,angry,3,angry,2.953,1,0.999276,0.000012,0.000051,0.000625,0.000036
data/personalization/salenatang/frames/20260517_124640/salenatang_angry_3_012_1779036534684.jpg,angry,3,angry,3.046,1,0.999552,0.000011,0.000040,0.000359,0.000037
data/personalization/salenatang/frames/20260517_124640/salenatang_angry_3_012_1779036534884.jpg,angry,3,angry,3.075,1,0.999643,0.000011,0.000033,0.000285,0.000027
data/personalization/salenatang/frames/20260517_124640/salenatang_angry_3_012_1779036535081.jpg,angry,3,angry,3.047,1,0.999558,0.000012,0.000038,0.000362,0.000031
data/personalization/salenatang/frames/20260517_124640/salenatang_angry_3_012_1779036535287.jpg,angry,3,angry,3.099,1,0.999716,0.000012,0.000027,0.000222,0.000024
data/personalization/salenatang/frames/20260517_124640/salenatang_angry_3_012_1779036535484.jpg,angry,3,angry,3.104,1,0.999732,0.000011,0.000025,0.000210,0.000022
data/personalization/salenatang/frames/20260517_124640/salenatang_angry_3_012_1779036535680.jpg,angry,3,angry,3.028,1,0.999503,0.000013,0.000031,0.000429,0.000024
data/personalization/salenatang/frames/20260517_124640/salenatang_angry_3_012_1779036535875.jpg,angry,3,angry,3.098,1,0.999712,0.000012,0.000036,0.000220,0.000020
data/personalization/salenatang/frames/20260517_124640/salenatang_angry_3_012_1779036536073.jpg,angry,3,angry,3.037,1,0.999529,0.000012,0.000034,0.000402,0.000023
data/personalization/salenatang/frames/20260517_124640/salenatang_angry_3_012_1779036536274.jpg,angry,3,angry,2.796,1,0.998538,0.000017,0.000096,0.001310,0.000039
data/personalization/salenatang/frames/20260517_124640/salenatang_angry_3_012_1779036536483.jpg,angry,3,angry,2.945,1,0.999255,0.000012,0.000052,0.000658,0.000024
data/personalization/salenatang/frames/20260517_124640/salenatang_angry_3_012_1779036536679.jpg,angry,3,angry,3.084,1,0.999673,0.000011,0.000026,0.000269,0.000020
data/personalization/salenatang/frames/20260517_124640/salenatang_angry_3_012_1779036536886.jpg,angry,3,angry,3.076,1,0.999648,0.000012,0.000028,0.000292,0.000020
data/personalization/salenatang/frames/20260517_124640/salenatang_angry_3_012_1779036537082.jpg,angry,3,angry,3.075,1,0.999646,0.000011,0.000027,0.000296,0.000020
data/personalization/salenatang/frames/20260517_124640/salenatang_angry_3_012_1779036537286.jpg,angry,3,angry,3.104,1,0.999731,0.000012,0.000025,0.000216,0.000018
data/personalization/salenatang/frames/20260517_124640/salenatang_angry_3_012_1779036537487.jpg,angry,3,angry,3.104,1,0.999741,0.000012,0.000024,0.000205,0.000019
data/personalization/salenatang/frames/20260517_124640/salenatang_angry_3_012_1779036537683.jpg,angry,3,angry,3.017,1,0.999469,0.000013,0.000040,0.000447,0.000031
data/personalization/salenatang/frames/20260517_124640/salenatang_angry_3_012_1779036537883.jpg,angry,3,angry,3.013,1,0.999456,0.000012,0.000037,0.000469,0.000026
data/personalization/salenatang/frames/20260517_124640/salenatang_angry_3_012_1779036538083.jpg,angry,3,angry,3.010,1,0.999445,0.000013,0.000049,0.000467,0.000026
data/personalization/salenatang/frames/20260517_124640/salenatang_angry_3_012_1779036538281.jpg,angry,3,angry,3.093,1,0.999694,0.000009,0.000039,0.000235,0.000022
data/personalization/salenatang/frames/20260517_124640/salenatang_angry_3_012_1779036538488.jpg,angry,3,angry,3.037,1,0.999524,0.000011,0.000057,0.000376,0.000032
data/personalization/salenatang/frames/20260517_124640/salenatang_angry_3_012_1779036538683.jpg,angry,3,angry,3.088,1,0.999679,0.000010,0.000046,0.000240,0.000024
data/personalization/salenatang/frames/20260517_124640/salenatang_angry_3_012_1779036538884.jpg,angry,3,angry,3.080,1,0.999650,0.000016,0.000051,0.000249,0.000033
data/personalization/salenatang/frames/20260517_124640/salenatang_angry_3_012_1779036539087.jpg,angry,3,angry,3.043,1,0.999542,0.000017,0.000038,0.000363,0.000040
data/personalization/salenatang/frames/20260517_124640/salenatang_angry_3_012_1779036539284.jpg,angry,3,angry,3.073,1,0.999634,0.000014,0.000037,0.000285,0.000030
data/personalization/salenatang/frames/20260517_124640/salenatang_angry_3_012_1779036539485.jpg,angry,3,angry,3.021,1,0.999472,0.000017,0.000046,0.000411,0.000054
data/personalization/salenatang/frames/20260517_124640/salenatang_angry_3_012_1779036539683.jpg,angry,3,angry,3.038,1,0.999526,0.000016,0.000044,0.000371,0.000043
data/personalization/salenatang/frames/20260517_124640/salenatang_angry_3_012_1779036539884.jpg,angry,3,angry,3.026,1,0.999488,0.000016,0.000050,0.000406,0.000041
data/personalization/salenatang/frames/20260517_124640/salenatang_angry_4_013_1779036541208.jpg,angry,4,angry,3.104,1,0.999806,0.000011,0.000028,0.000130,0.000025
data/personalization/salenatang/frames/20260517_124640/salenatang_angry_4_013_1779036541374.jpg,angry,4,angry,3.097,1,0.999705,0.000013,0.000031,0.000212,0.000039
data/personalization/salenatang/frames/20260517_124640/salenatang_angry_4_013_1779036541575.jpg,angry,4,angry,3.095,1,0.999700,0.000013,0.000029,0.000219,0.000039
data/personalization/salenatang/frames/20260517_124640/salenatang_angry_4_013_1779036541786.jpg,angry,4,angry,3.027,1,0.999488,0.000017,0.000040,0.000392,0.000064
data/personalization/salenatang/frames/20260517_124640/salenatang_angry_4_013_1779036541984.jpg,angry,4,angry,2.994,1,0.999378,0.000021,0.000053,0.000451,0.000097
data/personalization/salenatang/frames/20260517_124640/salenatang_angry_4_013_1779036542183.jpg,angry,4,angry,2.975,1,0.999311,0.000020,0.000078,0.000470,0.000122
data/personalization/salenatang/frames/20260517_124640/salenatang_angry_4_013_1779036542385.jpg,angry,4,angry,2.901,1,0.999111,0.000018,0.000062,0.000741,0.000068
data/personalization/salenatang/frames/20260517_124640/salenatang_angry_4_013_1779036542585.jpg,angry,4,angry,2.999,1,0.999409,0.000015,0.000041,0.000480,0.000055
data/personalization/salenatang/frames/20260517_124640/salenatang_angry_4_013_1779036542784.jpg,angry,4,angry,3.020,1,0.999471,0.000015,0.000041,0.000418,0.000054
data/personalization/salenatang/frames/20260517_124640/salenatang_angry_4_013_1779036542986.jpg,angry,4,angry,3.023,1,0.999480,0.000014,0.000039,0.000417,0.000050
data/personalization/salenatang/frames/20260517_124640/salenatang_angry_4_013_1779036543185.jpg,angry,4,angry,3.009,1,0.999432,0.000015,0.000056,0.000434,0.000063
data/personalization/salenatang/frames/20260517_124640/salenatang_angry_4_013_1779036543389.jpg,angry,4,angry,3.026,1,0.999487,0.000017,0.000045,0.000400,0.000052
data/personalization/salenatang/frames/20260517_124640/salenatang_angry_4_013_1779036543583.jpg,angry,4,angry,3.026,1,0.999492,0.000013,0.000034,0.000418,0.000042
data/personalization/salenatang/frames/20260517_124640/salenatang_angry_4_013_1779036543782.jpg,angry,4,angry,2.892,1,0.999070,0.000020,0.000092,0.000732,0.000086
data/personalization/salenatang/frames/20260517_124640/salenatang_angry_4_013_1779036543984.jpg,angry,4,angry,3.034,1,0.999520,0.000012,0.000032,0.000400,0.000036
data/personalization/salenatang/frames/20260517_124640/salenatang_angry_4_013_1779036544185.jpg,angry,4,angry,2.981,1,0.999358,0.000016,0.000038,0.000543,0.000045
data/personalization/salenatang/frames/20260517_124640/salenatang_angry_4_013_1779036544379.jpg,angry,4,angry,2.796,1,0.997145,0.000041,0.000089,0.002604,0.000121
data/personalization/salenatang/frames/20260517_124640/salenatang_angry_4_013_1779036544573.jpg,angry,4,angry,2.919,1,0.999170,0.000019,0.000041,0.000717,0.000053
data/personalization/salenatang/frames/20260517_124640/salenatang_angry_4_013_1779036544774.jpg,angry,4,angry,2.821,1,0.998864,0.000022,0.000073,0.000950,0.000092
data/personalization/salenatang/frames/20260517_124640/salenatang_angry_4_013_1779036544973.jpg,angry,4,angry,2.796,1,0.998514,0.000023,0.000056,0.001346,0.000062
data/personalization/salenatang/frames/20260517_124640/salenatang_angry_4_013_1779036545183.jpg,angry,4,angry,2.874,1,0.999030,0.000020,0.000057,0.000823,0.000070
data/personalization/salenatang/frames/20260517_124640/salenatang_angry_4_013_1779036545387.jpg,angry,4,angry,3.011,1,0.999449,0.000014,0.000032,0.000469,0.000036
data/personalization/salenatang/frames/20260517_124640/salenatang_angry_4_013_1779036545574.jpg,angry,4,angry,2.904,1,0.999122,0.000018,0.000054,0.000744,0.000062
data/personalization/salenatang/frames/20260517_124640/salenatang_angry_4_013_1779036545775.jpg,angry,4,angry,3.007,1,0.999437,0.000015,0.000034,0.000473,0.000041
data/personalization/salenatang/frames/20260517_124640/salenatang_angry_4_013_1779036545980.jpg,angry,4,angry,2.860,1,0.998990,0.000023,0.000050,0.000874,0.000064
data/personalization/salenatang/frames/20260517_124640/salenatang_angry_4_013_1779036546185.jpg,angry,4,angry,2.853,1,0.998964,0.000024,0.000058,0.000869,0.000085
data/personalization/salenatang/frames/20260517_124640/salenatang_angry_4_013_1779036546389.jpg,angry,4,angry,2.796,1,0.997348,0.000038,0.000171,0.002254,0.000189
data/personalization/salenatang/frames/20260517_124640/salenatang_angry_4_013_1779036546582.jpg,angry,4,angry,2.796,1,0.998711,0.000025,0.000061,0.001102,0.000101
data/personalization/salenatang/frames/20260517_124640/salenatang_angry_4_013_1779036546782.jpg,angry,4,angry,2.796,1,0.997972,0.000027,0.000082,0.001820,0.000099
data/personalization/salenatang/frames/20260517_124640/salenatang_angry_4_013_1779036546984.jpg,angry,4,angry,2.796,1,0.998177,0.000030,0.000115,0.001518,0.000161
data/personalization/salenatang/frames/20260517_124640/salenatang_angry_4_013_1779036547185.jpg,angry,4,angry,2.796,1,0.997561,0.000037,0.000101,0.002137,0.000164
data/personalization/salenatang/frames/20260517_124640/salenatang_angry_5_014_1779036548318.jpg,angry,5,angry,2.926,1,0.999099,0.000027,0.000118,0.000383,0.000373
data/personalization/salenatang/frames/20260517_124640/salenatang_angry_5_014_1779036548489.jpg,angry,5,angry,3.081,1,0.999625,0.000036,0.000035,0.000148,0.000156
data/personalization/salenatang/frames/20260517_124640/salenatang_angry_5_014_1779036548680.jpg,angry,5,angry,3.104,1,0.999741,0.000023,0.000027,0.000140,0.000068
data/personalization/salenatang/frames/20260517_124640/salenatang_angry_5_014_1779036548884.jpg,angry,5,angry,3.100,1,0.999697,0.000023,0.000032,0.000147,0.000100
data/personalization/salenatang/frames/20260517_124640/salenatang_angry_5_014_1779036549085.jpg,angry,5,angry,3.104,1,0.999715,0.000026,0.000027,0.000131,0.000102
data/personalization/salenatang/frames/20260517_124640/salenatang_angry_5_014_1779036549284.jpg,angry,5,angry,3.104,1,0.999710,0.000020,0.000028,0.000130,0.000112
data/personalization/salenatang/frames/20260517_124640/salenatang_angry_5_014_1779036549484.jpg,angry,5,angry,3.104,1,0.999741,0.000027,0.000024,0.000113,0.000095
data/personalization/salenatang/frames/20260517_124640/salenatang_angry_5_014_1779036549682.jpg,angry,5,angry,3.104,1,0.999793,0.000022,0.000019,0.000115,0.000052
data/personalization/salenatang/frames/20260517_124640/salenatang_angry_5_014_1779036549887.jpg,angry,5,angry,3.104,1,0.999807,0.000019,0.000020,0.000101,0.000053
data/personalization/salenatang/frames/20260517_124640/salenatang_angry_5_014_1779036550087.jpg,angry,5,angry,3.098,1,0.999697,0.000021,0.000025,0.000172,0.000085
data/personalization/salenatang/frames/20260517_124640/salenatang_angry_5_014_1779036550286.jpg,angry,5,angry,3.104,1,0.999705,0.000015,0.000029,0.000130,0.000120
data/personalization/salenatang/frames/20260517_124640/salenatang_angry_5_014_1779036550489.jpg,angry,5,angry,3.057,1,0.999554,0.000017,0.000040,0.000221,0.000168
data/personalization/salenatang/frames/20260517_124640/salenatang_angry_5_014_1779036550681.jpg,angry,5,angry,3.079,1,0.999631,0.000015,0.000033,0.000192,0.000129
data/personalization/salenatang/frames/20260517_124640/salenatang_angry_5_014_1779036550876.jpg,angry,5,angry,3.067,1,0.999592,0.000015,0.000034,0.000223,0.000136
data/personalization/salenatang/frames/20260517_124640/salenatang_angry_5_014_1779036551078.jpg,angry,5,angry,3.069,1,0.999595,0.000015,0.000034,0.000205,0.000151
data/personalization/salenatang/frames/20260517_124640/salenatang_angry_5_014_1779036551288.jpg,angry,5,angry,3.057,1,0.999554,0.000015,0.000036,0.000227,0.000168
data/personalization/salenatang/frames/20260517_124640/salenatang_angry_5_014_1779036551489.jpg,angry,5,angry,3.060,1,0.999566,0.000016,0.000037,0.000228,0.000153
data/personalization/salenatang/frames/20260517_124640/salenatang_angry_5_014_1779036551685.jpg,angry,5,angry,3.036,1,0.999493,0.000016,0.000041,0.000290,0.000160
data/personalization/salenatang/frames/20260517_124640/salenatang_angry_5_014_1779036551887.jpg,angry,5,angry,2.963,1,0.999243,0.000020,0.000061,0.000283,0.000393
data/personalization/salenatang/frames/20260517_124640/salenatang_angry_5_014_1779036552084.jpg,angry,5,angry,2.929,1,0.999142,0.000019,0.000058,0.000292,0.000488
data/personalization/salenatang/frames/20260517_124640/salenatang_angry_5_014_1779036552283.jpg,angry,5,angry,2.986,1,0.999317,0.000018,0.000053,0.000272,0.000340
data/personalization/salenatang/frames/20260517_124640/salenatang_angry_5_014_1779036552476.jpg,angry,5,angry,2.974,1,0.999275,0.000020,0.000057,0.000286,0.000362
data/personalization/salenatang/frames/20260517_124640/salenatang_angry_5_014_1779036552675.jpg,angry,5,angry,2.863,1,0.998946,0.000019,0.000061,0.000283,0.000691
data/personalization/salenatang/frames/20260517_124640/salenatang_angry_5_014_1779036552885.jpg,angry,5,angry,2.840,1,0.998863,0.000020,0.000062,0.000353,0.000702
data/personalization/salenatang/frames/20260517_124640/salenatang_angry_5_014_1779036553089.jpg,angry,5,angry,2.947,1,0.999202,0.000018,0.000048,0.000272,0.000461
data/personalization/salenatang/frames/20260517_124640/salenatang_angry_5_014_1779036553287.jpg,angry,5,angry,3.031,1,0.999464,0.000017,0.000042,0.000253,0.000224
data/personalization/salenatang/frames/20260517_124640/salenatang_angry_5_014_1779036553477.jpg,angry,5,angry,2.937,1,0.999164,0.000021,0.000051,0.000307,0.000458
data/personalization/salenatang/frames/20260517_124640/salenatang_angry_5_014_1779036553676.jpg,angry,5,angry,3.027,1,0.999472,0.000017,0.000040,0.000341,0.000130
data/personalization/salenatang/frames/20260517_124640/salenatang_angry_5_014_1779036553884.jpg,angry,5,angry,3.053,1,0.999554,0.000016,0.000038,0.000269,0.000124
data/personalization/salenatang/frames/20260517_124640/salenatang_angry_5_014_1779036554085.jpg,angry,5,angry,2.995,1,0.999365,0.000018,0.000051,0.000383,0.000182
data/personalization/salenatang/frames/20260517_124640/salenatang_angry_5_014_1779036554285.jpg,angry,5,angry,2.989,1,0.999337,0.000017,0.000058,0.000374,0.000214
data/personalization/salenatang/frames/20260517_124640/salenatang_surprised_1_015_1779036555644.jpg,surprised,1,surprised,2.932,1,0.002697,0.001955,0.016774,0.103270,0.875305
data/personalization/salenatang/frames/20260517_124640/salenatang_surprised_1_015_1779036555809.jpg,surprised,1,surprised,2.932,1,0.000462,0.003530,0.183309,0.021525,0.791176
data/personalization/salenatang/frames/20260517_124640/salenatang_surprised_1_015_1779036556010.jpg,surprised,1,surprised,2.932,1,0.000207,0.000100,0.000503,0.000730,0.998459
data/personalization/salenatang/frames/20260517_124640/salenatang_surprised_1_015_1779036556208.jpg,surprised,1,surprised,2.974,1,0.000205,0.000059,0.000285,0.000366,0.999086
data/personalization/salenatang/frames/20260517_124640/salenatang_surprised_1_015_1779036556421.jpg,surprised,1,surprised,3.024,1,0.000097,0.000042,0.000156,0.000200,0.999505
data/personalization/salenatang/frames/20260517_124640/salenatang_surprised_1_015_1779036556618.jpg,surprised,1,surprised,3.041,1,0.000037,0.000059,0.000152,0.000089,0.999662
data/personalization/salenatang/frames/20260517_124640/salenatang_surprised_1_015_1779036556819.jpg,surprised,1,surprised,3.039,1,0.000041,0.000072,0.000147,0.000101,0.999639
data/personalization/salenatang/frames/20260517_124640/salenatang_surprised_1_015_1779036557017.jpg,surprised,1,surprised,3.015,1,0.000058,0.000057,0.000281,0.000152,0.999452
data/personalization/salenatang/frames/20260517_124640/salenatang_surprised_1_015_1779036557220.jpg,surprised,1,surprised,3.043,1,0.000018,0.000055,0.000176,0.000066,0.999684
data/personalization/salenatang/frames/20260517_124640/salenatang_surprised_1_015_1779036557420.jpg,surprised,1,surprised,2.973,1,0.000080,0.000081,0.000477,0.000257,0.999105
data/personalization/salenatang/frames/20260517_124640/salenatang_surprised_1_015_1779036557617.jpg,surprised,1,surprised,2.993,1,0.000034,0.000080,0.000464,0.000127,0.999295
data/personalization/salenatang/frames/20260517_124640/salenatang_surprised_1_015_1779036557818.jpg,surprised,1,surprised,3.021,1,0.000025,0.000069,0.000309,0.000084,0.999513
data/personalization/salenatang/frames/20260517_124640/salenatang_surprised_1_015_1779036558021.jpg,surprised,1,surprised,2.987,1,0.000040,0.000193,0.000398,0.000155,0.999214
data/personalization/salenatang/frames/20260517_124640/salenatang_surprised_1_015_1779036558210.jpg,surprised,1,surprised,2.968,1,0.000075,0.000181,0.000404,0.000301,0.999038
data/personalization/salenatang/frames/20260517_124640/salenatang_surprised_1_015_1779036558409.jpg,surprised,1,surprised,2.932,1,0.000934,0.000463,0.002270,0.014348,0.981985
data/personalization/salenatang/frames/20260517_124640/salenatang_surprised_1_015_1779036558610.jpg,surprised,1,surprised,2.981,1,0.000041,0.000166,0.000426,0.000196,0.999171
data/personalization/salenatang/frames/20260517_124640/salenatang_surprised_1_015_1779036558822.jpg,surprised,1,surprised,2.932,1,0.000020,0.000143,0.000834,0.000177,0.998825
data/personalization/salenatang/frames/20260517_124640/salenatang_surprised_1_015_1779036559018.jpg,surprised,1,surprised,2.932,1,0.000119,0.000175,0.001654,0.001226,0.996825
data/personalization/salenatang/frames/20260517_124640/salenatang_surprised_1_015_1779036559219.jpg,surprised,1,surprised,2.956,1,0.000029,0.000142,0.000664,0.000171,0.998994
data/personalization/salenatang/frames/20260517_124640/salenatang_surprised_1_015_1779036559419.jpg,surprised,1,surprised,2.945,1,0.000024,0.000123,0.000756,0.000175,0.998922
data/personalization/salenatang/frames/20260517_124640/salenatang_surprised_1_015_1779036559617.jpg,surprised,1,surprised,2.973,1,0.000024,0.000108,0.000586,0.000146,0.999136
data/personalization/salenatang/frames/20260517_124640/salenatang_surprised_1_015_1779036559822.jpg,surprised,1,surprised,2.983,1,0.000024,0.000154,0.000502,0.000107,0.999213
data/personalization/salenatang/frames/20260517_124640/salenatang_surprised_1_015_1779036560021.jpg,surprised,1,surprised,3.008,1,0.000034,0.000126,0.000340,0.000099,0.999400
data/personalization/salenatang/frames/20260517_124640/salenatang_surprised_1_015_1779036560220.jpg,surprised,1,surprised,2.943,1,0.000091,0.000158,0.000562,0.000349,0.998840
data/personalization/salenatang/frames/20260517_124640/salenatang_surprised_1_015_1779036560424.jpg,surprised,1,surprised,2.939,1,0.000072,0.000155,0.000559,0.000413,0.998801
data/personalization/salenatang/frames/20260517_124640/salenatang_surprised_1_015_1779036560620.jpg,surprised,1,surprised,2.993,1,0.000099,0.000101,0.000309,0.000241,0.999251
data/personalization/salenatang/frames/20260517_124640/salenatang_surprised_1_015_1779036560822.jpg,surprised,1,surprised,3.032,1,0.000034,0.000103,0.000207,0.000068,0.999588
data/personalization/salenatang/frames/20260517_124640/salenatang_surprised_1_015_1779036561021.jpg,surprised,1,surprised,3.007,1,0.000075,0.000086,0.000247,0.000231,0.999362
data/personalization/salenatang/frames/20260517_124640/salenatang_surprised_1_015_1779036561221.jpg,surprised,1,surprised,3.029,1,0.000028,0.000115,0.000223,0.000067,0.999568
data/personalization/salenatang/frames/20260517_124640/salenatang_surprised_1_015_1779036561425.jpg,surprised,1,surprised,3.035,1,0.000028,0.000093,0.000191,0.000080,0.999608
data/personalization/salenatang/frames/20260517_124640/salenatang_surprised_1_015_1779036561613.jpg,surprised,1,surprised,3.030,1,0.000029,0.000091,0.000219,0.000086,0.999574
data/personalization/salenatang/frames/20260517_124640/salenatang_surprised_2_016_1779036563355.jpg,surprised,2,surprised,3.044,1,0.000026,0.000068,0.000144,0.000074,0.999688
data/personalization/salenatang/frames/20260517_124640/salenatang_surprised_2_016_1779036563523.jpg,surprised,2,surprised,3.036,1,0.000044,0.000066,0.000155,0.000128,0.999607
data/personalization/salenatang/frames/20260517_124640/salenatang_surprised_2_016_1779036563720.jpg,surprised,2,surprised,2.932,1,0.000535,0.000130,0.000476,0.002497,0.996362
data/personalization/salenatang/frames/20260517_124640/salenatang_surprised_2_016_1779036563919.jpg,surprised,2,surprised,2.983,1,0.000102,0.000098,0.000258,0.000371,0.999171
data/personalization/salenatang/frames/20260517_124640/salenatang_surprised_2_016_1779036564110.jpg,surprised,2,surprised,2.932,1,0.000133,0.000129,0.000370,0.000617,0.998751
data/personalization/salenatang/frames/20260517_124640/salenatang_surprised_2_016_1779036564313.jpg,surprised,2,surprised,2.932,1,0.000347,0.000116,0.000390,0.000811,0.998336
data/personalization/salenatang/frames/20260517_124640/salenatang_surprised_2_016_1779036564523.jpg,surprised,2,surprised,2.932,1,0.000234,0.000122,0.000527,0.001170,0.997947
data/personalization/salenatang/frames/20260517_124640/salenatang_surprised_2_016_1779036564723.jpg,surprised,2,surprised,2.932,1,0.000411,0.000090,0.000421,0.001042,0.998035
data/personalization/salenatang/frames/20260517_124640/salenatang_surprised_2_016_1779036564921.jpg,surprised,2,surprised,2.933,1,0.000176,0.000110,0.000308,0.000637,0.998769
data/personalization/salenatang/frames/20260517_124640/salenatang_surprised_2_016_1779036565110.jpg,surprised,2,surprised,3.018,1,0.000046,0.000132,0.000209,0.000155,0.999457
data/personalization/salenatang/frames/20260517_124640/salenatang_surprised_2_016_1779036565310.jpg,surprised,2,surprised,3.021,1,0.000029,0.000182,0.000213,0.000090,0.999486
data/personalization/salenatang/frames/20260517_124640/salenatang_surprised_2_016_1779036565510.jpg,surprised,2,surprised,2.954,1,0.000169,0.000093,0.000254,0.000541,0.998943
data/personalization/salenatang/frames/20260517_124640/salenatang_surprised_2_016_1779036565721.jpg,surprised,2,surprised,2.983,1,0.000106,0.000074,0.000197,0.000434,0.999190
data/personalization/salenatang/frames/20260517_124640/salenatang_surprised_2_016_1779036565919.jpg,surprised,2,surprised,2.932,1,0.000194,0.000079,0.000258,0.000691,0.998778
data/personalization/salenatang/frames/20260517_124640/salenatang_surprised_2_016_1779036566123.jpg,surprised,2,surprised,3.038,1,0.000031,0.000088,0.000150,0.000101,0.999630
data/personalization/salenatang/frames/20260517_124640/salenatang_surprised_2_016_1779036566323.jpg,surprised,2,surprised,3.015,1,0.000036,0.000094,0.000291,0.000123,0.999456
data/personalization/salenatang/frames/20260517_124640/salenatang_surprised_2_016_1779036566518.jpg,surprised,2,surprised,3.026,1,0.000049,0.000073,0.000195,0.000155,0.999528
data/personalization/salenatang/frames/20260517_124640/salenatang_surprised_2_016_1779036566719.jpg,surprised,2,surprised,3.035,1,0.000039,0.000057,0.000170,0.000128,0.999605
data/personalization/salenatang/frames/20260517_124640/salenatang_surprised_2_016_1779036566923.jpg,surprised,2,surprised,3.030,1,0.000031,0.000066,0.000218,0.000114,0.999570
data/personalization/salenatang/frames/20260517_124640/salenatang_surprised_2_016_1779036567119.jpg,surprised,2,surprised,3.012,1,0.000100,0.000037,0.000242,0.000216,0.999404
data/personalization/salenatang/frames/20260517_124640/salenatang_surprised_2_016_1779036567318.jpg,surprised,2,surprised,3.036,1,0.000040,0.000061,0.000202,0.000076,0.999621
data/personalization/salenatang/frames/20260517_124640/salenatang_surprised_2_016_1779036567524.jpg,surprised,2,surprised,3.026,1,0.000045,0.000065,0.000251,0.000091,0.999547
data/personalization/salenatang/frames/20260517_124640/salenatang_surprised_2_016_1779036567720.jpg,surprised,2,surprised,3.027,1,0.000055,0.000091,0.000223,0.000086,0.999545
data/personalization/salenatang/frames/20260517_124640/salenatang_surprised_2_016_1779036567920.jpg,surprised,2,surprised,3.004,1,0.000126,0.000050,0.000255,0.000239,0.999330
data/personalization/salenatang/frames/20260517_124640/salenatang_surprised_2_016_1779036568122.jpg,surprised,2,surprised,3.011,1,0.000171,0.000056,0.000222,0.000158,0.999393
data/personalization/salenatang/frames/20260517_124640/salenatang_surprised_2_016_1779036568320.jpg,surprised,2,surprised,3.027,1,0.000132,0.000062,0.000185,0.000091,0.999530
data/personalization/salenatang/frames/20260517_124640/salenatang_surprised_2_016_1779036568522.jpg,surprised,2,surprised,3.031,1,0.000104,0.000059,0.000166,0.000100,0.999571
data/personalization/salenatang/frames/20260517_124640/salenatang_surprised_2_016_1779036568720.jpg,surprised,2,surprised,3.019,1,0.000209,0.000047,0.000158,0.000119,0.999467
data/personalization/salenatang/frames/20260517_124640/salenatang_surprised_2_016_1779036568922.jpg,surprised,2,surprised,3.010,1,0.000266,0.000045,0.000154,0.000140,0.999395
data/personalization/salenatang/frames/20260517_124640/salenatang_surprised_2_016_1779036569121.jpg,surprised,2,surprised,3.007,1,0.000279,0.000044,0.000160,0.000149,0.999369
data/personalization/salenatang/frames/20260517_124640/salenatang_surprised_2_016_1779036569320.jpg,surprised,2,surprised,3.031,1,0.000075,0.000080,0.000193,0.000075,0.999577
data/personalization/salenatang/frames/20260517_124640/salenatang_surprised_3_017_1779036571355.jpg,surprised,3,sad,3.963,0,0.011460,0.000570,0.002542,0.957964,0.027464
data/personalization/salenatang/frames/20260517_124640/salenatang_surprised_3_017_1779036571519.jpg,surprised,3,surprised,2.964,1,0.000089,0.000049,0.000311,0.000517,0.999034
data/personalization/salenatang/frames/20260517_124640/salenatang_surprised_3_017_1779036571722.jpg,surprised,3,surprised,2.945,1,0.000280,0.000054,0.000289,0.000523,0.998854
data/personalization/salenatang/frames/20260517_124640/salenatang_surprised_3_017_1779036571921.jpg,surprised,3,surprised,3.038,1,0.000088,0.000039,0.000104,0.000141,0.999628
data/personalization/salenatang/frames/20260517_124640/salenatang_surprised_3_017_1779036572122.jpg,surprised,3,surprised,3.047,1,0.000075,0.000030,0.000087,0.000107,0.999701
data/personalization/salenatang/frames/20260517_124640/salenatang_surprised_3_017_1779036572320.jpg,surprised,3,surprised,3.047,1,0.000031,0.000066,0.000104,0.000067,0.999733
data/personalization/salenatang/frames/20260517_124640/salenatang_surprised_3_017_1779036572524.jpg,surprised,3,surprised,3.047,1,0.000037,0.000038,0.000080,0.000076,0.999768
data/personalization/salenatang/frames/20260517_124640/salenatang_surprised_3_017_1779036572728.jpg,surprised,3,surprised,3.045,1,0.000062,0.000045,0.000094,0.000111,0.999688
data/personalization/salenatang/frames/20260517_124640/salenatang_surprised_3_017_1779036572919.jpg,surprised,3,surprised,3.047,1,0.000059,0.000037,0.000089,0.000085,0.999730
data/personalization/salenatang/frames/20260517_124640/salenatang_surprised_3_017_1779036573122.jpg,surprised,3,surprised,3.047,1,0.000040,0.000033,0.000082,0.000087,0.999758
data/personalization/salenatang/frames/20260517_124640/salenatang_surprised_3_017_1779036573321.jpg,surprised,3,surprised,3.047,1,0.000047,0.000039,0.000088,0.000084,0.999741
data/personalization/salenatang/frames/20260517_124640/salenatang_surprised_3_017_1779036573523.jpg,surprised,3,surprised,3.047,1,0.000028,0.000041,0.000076,0.000057,0.999798
data/personalization/salenatang/frames/20260517_124640/salenatang_surprised_3_017_1779036573721.jpg,surprised,3,surprised,3.047,1,0.000046,0.000042,0.000092,0.000091,0.999729
data/personalization/salenatang/frames/20260517_124640/salenatang_surprised_3_017_1779036573923.jpg,surprised,3,surprised,3.047,1,0.000028,0.000046,0.000094,0.000068,0.999763
data/personalization/salenatang/frames/20260517_124640/salenatang_surprised_3_017_1779036574127.jpg,surprised,3,surprised,3.047,1,0.000034,0.000070,0.000115,0.000076,0.999705
data/personalization/salenatang/frames/20260517_124640/salenatang_surprised_3_017_1779036574322.jpg,surprised,3,surprised,3.047,1,0.000035,0.000059,0.000107,0.000079,0.999721
data/personalization/salenatang/frames/20260517_124640/salenatang_surprised_3_017_1779036574525.jpg,surprised,3,surprised,3.044,1,0.000046,0.000050,0.000122,0.000107,0.999675
data/personalization/salenatang/frames/20260517_124640/salenatang_surprised_3_017_1779036574719.jpg,surprised,3,surprised,3.026,1,0.000078,0.000059,0.000135,0.000201,0.999527
data/personalization/salenatang/frames/20260517_124640/salenatang_surprised_3_017_1779036574923.jpg,surprised,3,surprised,3.044,1,0.000034,0.000079,0.000112,0.000104,0.999671
data/personalization/salenatang/frames/20260517_124640/salenatang_surprised_3_017_1779036575123.jpg,surprised,3,surprised,3.040,1,0.000052,0.000048,0.000129,0.000131,0.999640
data/personalization/salenatang/frames/20260517_124640/salenatang_surprised_3_017_1779036575326.jpg,surprised,3,surprised,2.965,1,0.000101,0.000133,0.000322,0.000431,0.999013
data/personalization/salenatang/frames/20260517_124640/salenatang_surprised_3_017_1779036575525.jpg,surprised,3,surprised,3.045,1,0.000048,0.000050,0.000112,0.000104,0.999687
data/personalization/salenatang/frames/20260517_124640/salenatang_surprised_3_017_1779036575722.jpg,surprised,3,surprised,3.039,1,0.000037,0.000066,0.000142,0.000122,0.999632
data/personalization/salenatang/frames/20260517_124640/salenatang_surprised_3_017_1779036575924.jpg,surprised,3,surprised,3.046,1,0.000033,0.000049,0.000113,0.000110,0.999695
data/personalization/salenatang/frames/20260517_124640/salenatang_surprised_3_017_1779036576121.jpg,surprised,3,surprised,3.047,1,0.000031,0.000053,0.000096,0.000075,0.999746
data/personalization/salenatang/frames/20260517_124640/salenatang_surprised_3_017_1779036576322.jpg,surprised,3,surprised,3.047,1,0.000043,0.000056,0.000091,0.000077,0.999733
data/personalization/salenatang/frames/20260517_124640/salenatang_surprised_3_017_1779036576528.jpg,surprised,3,surprised,3.047,1,0.000050,0.000041,0.000104,0.000081,0.999725
data/personalization/salenatang/frames/20260517_124640/salenatang_surprised_3_017_1779036576724.jpg,surprised,3,surprised,3.045,1,0.000051,0.000052,0.000119,0.000089,0.999689
data/personalization/salenatang/frames/20260517_124640/salenatang_surprised_3_017_1779036576924.jpg,surprised,3,surprised,3.027,1,0.000109,0.000060,0.000136,0.000167,0.999529
data/personalization/salenatang/frames/20260517_124640/salenatang_surprised_3_017_1779036577124.jpg,surprised,3,surprised,3.047,1,0.000046,0.000066,0.000096,0.000088,0.999703
data/personalization/salenatang/frames/20260517_124640/salenatang_surprised_3_017_1779036577322.jpg,surprised,3,surprised,3.044,1,0.000034,0.000115,0.000106,0.000074,0.999671
data/personalization/salenatang/frames/20260517_124640/salenatang_surprised_4_018_1779036578312.jpg,surprised,4,surprised,3.047,1,0.000027,0.000054,0.000080,0.000065,0.999774
data/personalization/salenatang/frames/20260517_124640/salenatang_surprised_4_018_1779036578491.jpg,surprised,4,surprised,3.032,1,0.000115,0.000038,0.000105,0.000170,0.999573
data/personalization/salenatang/frames/20260517_124640/salenatang_surprised_4_018_1779036578690.jpg,surprised,4,surprised,3.033,1,0.000097,0.000092,0.000104,0.000129,0.999577
data/personalization/salenatang/frames/20260517_124640/salenatang_surprised_4_018_1779036578893.jpg,surprised,4,surprised,3.038,1,0.000078,0.000062,0.000110,0.000126,0.999624
data/personalization/salenatang/frames/20260517_124640/salenatang_surprised_4_018_1779036579091.jpg,surprised,4,surprised,3.025,1,0.000089,0.000117,0.000131,0.000157,0.999506
data/personalization/salenatang/frames/20260517_124640/salenatang_surprised_4_018_1779036579288.jpg,surprised,4,surprised,3.030,1,0.000086,0.000064,0.000125,0.000166,0.999559
data/personalization/salenatang/frames/20260517_124640/salenatang_surprised_4_018_1779036579491.jpg,surprised,4,surprised,3.023,1,0.000111,0.000063,0.000125,0.000204,0.999497
data/personalization/salenatang/frames/20260517_124640/salenatang_surprised_4_018_1779036579689.jpg,surprised,4,surprised,3.022,1,0.000101,0.000051,0.000131,0.000219,0.999498
data/personalization/salenatang/frames/20260517_124640/salenatang_surprised_4_018_1779036579889.jpg,surprised,4,surprised,3.023,1,0.000089,0.000054,0.000129,0.000218,0.999510
data/personalization/salenatang/frames/20260517_124640/salenatang_surprised_4_018_1779036580091.jpg,surprised,4,surprised,3.013,1,0.000146,0.000056,0.000134,0.000246,0.999418
data/personalization/salenatang/frames/20260517_124640/salenatang_surprised_4_018_1779036580290.jpg,surprised,4,surprised,2.991,1,0.000138,0.000075,0.000166,0.000371,0.999250
data/personalization/salenatang/frames/20260517_124640/salenatang_surprised_4_018_1779036580493.jpg,surprised,4,surprised,3.010,1,0.000103,0.000081,0.000143,0.000278,0.999395
data/personalization/salenatang/frames/20260517_124640/salenatang_surprised_4_018_1779036580694.jpg,surprised,4,surprised,3.012,1,0.000108,0.000073,0.000145,0.000259,0.999415
data/personalization/salenatang/frames/20260517_124640/salenatang_surprised_4_018_1779036580896.jpg,surprised,4,surprised,2.973,1,0.000131,0.000073,0.000175,0.000505,0.999116
data/personalization/salenatang/frames/20260517_124640/salenatang_surprised_4_018_1779036581088.jpg,surprised,4,surprised,3.027,1,0.000084,0.000060,0.000125,0.000194,0.999537
data/personalization/salenatang/frames/20260517_124640/salenatang_surprised_4_018_1779036581295.jpg,surprised,4,surprised,3.030,1,0.000075,0.000064,0.000123,0.000177,0.999561
data/personalization/salenatang/frames/20260517_124640/salenatang_surprised_4_018_1779036581491.jpg,surprised,4,surprised,3.000,1,0.000142,0.000061,0.000160,0.000317,0.999320
data/personalization/salenatang/frames/20260517_124640/salenatang_surprised_4_018_1779036581689.jpg,surprised,4,surprised,3.007,1,0.000107,0.000071,0.000173,0.000280,0.999370
data/personalization/salenatang/frames/20260517_124640/salenatang_surprised_4_018_1779036581892.jpg,surprised,4,surprised,3.028,1,0.000073,0.000075,0.000137,0.000173,0.999542
data/personalization/salenatang/frames/20260517_124640/salenatang_surprised_4_018_1779036582083.jpg,surprised,4,surprised,3.017,1,0.000108,0.000058,0.000136,0.000245,0.999453
data/personalization/salenatang/frames/20260517_124640/salenatang_surprised_4_018_1779036582289.jpg,surprised,4,surprised,3.022,1,0.000064,0.000072,0.000124,0.000240,0.999499
data/personalization/salenatang/frames/20260517_124640/salenatang_surprised_4_018_1779036582490.jpg,surprised,4,surprised,3.031,1,0.000068,0.000070,0.000120,0.000171,0.999571
data/personalization/salenatang/frames/20260517_124640/salenatang_surprised_4_018_1779036582688.jpg,surprised,4,surprised,3.013,1,0.000080,0.000070,0.000128,0.000291,0.999431
data/personalization/salenatang/frames/20260517_124640/salenatang_surprised_4_018_1779036582880.jpg,surprised,4,surprised,3.021,1,0.000086,0.000073,0.000133,0.000221,0.999487
data/personalization/salenatang/frames/20260517_124640/salenatang_surprised_4_018_1779036583080.jpg,surprised,4,surprised,3.017,1,0.000084,0.000074,0.000142,0.000243,0.999458
data/personalization/salenatang/frames/20260517_124640/salenatang_surprised_4_018_1779036583285.jpg,surprised,4,surprised,3.002,1,0.000111,0.000070,0.000150,0.000330,0.999339
data/personalization/salenatang/frames/20260517_124640/salenatang_surprised_4_018_1779036583493.jpg,surprised,4,surprised,2.980,1,0.000162,0.000065,0.000169,0.000441,0.999162
data/personalization/salenatang/frames/20260517_124640/salenatang_surprised_4_018_1779036583686.jpg,surprised,4,surprised,2.997,1,0.000114,0.000072,0.000168,0.000350,0.999295
data/personalization/salenatang/frames/20260517_124640/salenatang_surprised_4_018_1779036583890.jpg,surprised,4,surprised,3.002,1,0.000138,0.000071,0.000143,0.000314,0.999334
data/personalization/salenatang/frames/20260517_124640/salenatang_surprised_4_018_1779036584094.jpg,surprised,4,surprised,2.951,1,0.000179,0.000087,0.000189,0.000609,0.998936
data/personalization/salenatang/frames/20260517_124640/salenatang_surprised_4_018_1779036584287.jpg,surprised,4,surprised,3.022,1,0.000071,0.000073,0.000109,0.000239,0.999507
data/personalization/salenatang/frames/20260517_124640/salenatang_surprised_5_019_1779036585253.jpg,surprised,5,surprised,2.963,1,0.000288,0.000054,0.000203,0.000452,0.999003
data/personalization/salenatang/frames/20260517_124640/salenatang_surprised_5_019_1779036585424.jpg,surprised,5,surprised,2.964,1,0.000174,0.000073,0.000252,0.000482,0.999019
data/personalization/salenatang/frames/20260517_124640/salenatang_surprised_5_019_1779036585623.jpg,surprised,5,surprised,2.994,1,0.000114,0.000169,0.000199,0.000276,0.999243
data/personalization/salenatang/frames/20260517_124640/salenatang_surprised_5_019_1779036585822.jpg,surprised,5,surprised,2.932,1,0.000294,0.000232,0.000376,0.001284,0.997815
data/personalization/salenatang/frames/20260517_124640/salenatang_surprised_5_019_1779036586024.jpg,surprised,5,surprised,3.015,1,0.000095,0.000155,0.000141,0.000191,0.999418
data/personalization/salenatang/frames/20260517_124640/salenatang_surprised_5_019_1779036586223.jpg,surprised,5,surprised,2.932,1,0.000080,0.000143,0.000268,0.000854,0.998655
data/personalization/salenatang/frames/20260517_124640/salenatang_surprised_5_019_1779036586428.jpg,surprised,5,surprised,2.932,1,0.000144,0.000185,0.000306,0.000826,0.998539
data/personalization/salenatang/frames/20260517_124640/salenatang_surprised_5_019_1779036586623.jpg,surprised,5,surprised,2.991,1,0.000197,0.000208,0.000147,0.000243,0.999205
data/personalization/salenatang/frames/20260517_124640/salenatang_surprised_5_019_1779036586825.jpg,surprised,5,surprised,2.953,1,0.000103,0.000175,0.000237,0.000548,0.998937
data/personalization/salenatang/frames/20260517_124640/salenatang_surprised_5_019_1779036587024.jpg,surprised,5,surprised,2.932,1,0.000587,0.000339,0.000637,0.003391,0.995047
data/personalization/salenatang/frames/20260517_124640/salenatang_surprised_5_019_1779036587222.jpg,surprised,5,surprised,2.973,1,0.000241,0.000229,0.000165,0.000310,0.999055
data/personalization/salenatang/frames/20260517_124640/salenatang_surprised_5_019_1779036587427.jpg,surprised,5,surprised,3.002,1,0.000158,0.000202,0.000129,0.000207,0.999305
data/personalization/salenatang/frames/20260517_124640/salenatang_surprised_5_019_1779036587626.jpg,surprised,5,surprised,2.932,1,0.001022,0.000197,0.000407,0.002243,0.996130
data/personalization/salenatang/frames/20260517_124640/salenatang_surprised_5_019_1779036587824.jpg,surprised,5,surprised,3.011,1,0.000145,0.000127,0.000123,0.000213,0.999392
data/personalization/salenatang/frames/20260517_124640/salenatang_surprised_5_019_1779036588025.jpg,surprised,5,surprised,3.006,1,0.000157,0.000170,0.000124,0.000206,0.999343
data/personalization/salenatang/frames/20260517_124640/salenatang_surprised_5_019_1779036588224.jpg,surprised,5,surprised,2.932,1,0.000532,0.000220,0.000208,0.000636,0.998403
data/personalization/salenatang/frames/20260517_124640/salenatang_surprised_5_019_1779036588426.jpg,surprised,5,surprised,2.966,1,0.000313,0.000208,0.000155,0.000332,0.998992
data/personalization/salenatang/frames/20260517_124640/salenatang_surprised_5_019_1779036588621.jpg,surprised,5,surprised,2.979,1,0.000268,0.000180,0.000169,0.000276,0.999107
data/personalization/salenatang/frames/20260517_124640/salenatang_surprised_5_019_1779036588825.jpg,surprised,5,surprised,2.967,1,0.000210,0.000333,0.000146,0.000306,0.999005
data/personalization/salenatang/frames/20260517_124640/salenatang_surprised_5_019_1779036589023.jpg,surprised,5,surprised,2.999,1,0.000177,0.000192,0.000131,0.000219,0.999281
data/personalization/salenatang/frames/20260517_124640/salenatang_surprised_5_019_1779036589224.jpg,surprised,5,surprised,3.015,1,0.000143,0.000182,0.000111,0.000143,0.999421
data/personalization/salenatang/frames/20260517_124640/salenatang_surprised_5_019_1779036589426.jpg,surprised,5,surprised,3.016,1,0.000145,0.000149,0.000125,0.000162,0.999419
data/personalization/salenatang/frames/20260517_124640/salenatang_surprised_5_019_1779036589627.jpg,surprised,5,surprised,2.951,1,0.000376,0.000237,0.000178,0.000349,0.998860
data/personalization/salenatang/frames/20260517_124640/salenatang_surprised_5_019_1779036589824.jpg,surprised,5,surprised,3.013,1,0.000153,0.000133,0.000118,0.000192,0.999404
data/personalization/salenatang/frames/20260517_124640/salenatang_surprised_5_019_1779036590024.jpg,surprised,5,surprised,2.949,1,0.000197,0.000148,0.000152,0.000594,0.998909
data/personalization/salenatang/frames/20260517_124640/salenatang_surprised_5_019_1779036590223.jpg,surprised,5,surprised,2.993,1,0.000190,0.000194,0.000159,0.000236,0.999221
data/personalization/salenatang/frames/20260517_124640/salenatang_surprised_5_019_1779036590426.jpg,surprised,5,surprised,3.003,1,0.000165,0.000173,0.000122,0.000222,0.999319
data/personalization/salenatang/frames/20260517_124640/salenatang_surprised_5_019_1779036590625.jpg,surprised,5,surprised,3.001,1,0.000222,0.000136,0.000132,0.000212,0.999298
data/personalization/salenatang/frames/20260517_124640/salenatang_surprised_5_019_1779036590821.jpg,surprised,5,surprised,2.932,1,0.000303,0.000102,0.000201,0.000691,0.998703
data/personalization/salenatang/frames/20260517_124640/salenatang_surprised_5_019_1779036591012.jpg,surprised,5,surprised,2.972,1,0.000324,0.000151,0.000162,0.000311,0.999052
data/personalization/salenatang/frames/20260517_124640/salenatang_surprised_5_019_1779036591213.jpg,surprised,5,surprised,3.005,1,0.000190,0.000165,0.000117,0.000198,0.999330
data/personalization/salenatang/frames/20260517_124640/salenatang_neutral_3_020_1779036594447.jpg,neutral,N/A,neutral,N/A,1,0.000455,0.000520,0.995765,0.001986,0.001274
data/personalization/salenatang/frames/20260517_124640/salenatang_neutral_3_020_1779036594625.jpg,neutral,N/A,neutral,N/A,1,0.000527,0.000867,0.994076,0.003428,0.001102
data/personalization/salenatang/frames/20260517_124640/salenatang_neutral_3_020_1779036594826.jpg,neutral,N/A,neutral,N/A,1,0.000493,0.001396,0.995372,0.002111,0.000629
data/personalization/salenatang/frames/20260517_124640/salenatang_neutral_3_020_1779036595023.jpg,neutral,N/A,neutral,N/A,1,0.000446,0.001970,0.995542,0.001521,0.000521
data/personalization/salenatang/frames/20260517_124640/salenatang_neutral_3_020_1779036595224.jpg,neutral,N/A,neutral,N/A,1,0.000805,0.000612,0.987398,0.009587,0.001599
data/personalization/salenatang/frames/20260517_124640/salenatang_neutral_3_020_1779036595428.jpg,neutral,N/A,neutral,N/A,1,0.000424,0.001841,0.993621,0.003193,0.000921
data/personalization/salenatang/frames/20260517_124640/salenatang_neutral_3_020_1779036595626.jpg,neutral,N/A,neutral,N/A,1,0.000533,0.001355,0.994081,0.003192,0.000838
data/personalization/salenatang/frames/20260517_124640/salenatang_neutral_3_020_1779036595821.jpg,neutral,N/A,neutral,N/A,1,0.000434,0.001191,0.995578,0.002148,0.000649
data/personalization/salenatang/frames/20260517_124640/salenatang_neutral_3_020_1779036596016.jpg,neutral,N/A,neutral,N/A,1,0.000324,0.000481,0.997464,0.001067,0.000664
data/personalization/salenatang/frames/20260517_124640/salenatang_neutral_3_020_1779036596223.jpg,neutral,N/A,neutral,N/A,1,0.001264,0.034413,0.955114,0.006000,0.003209
data/personalization/salenatang/frames/20260517_124640/salenatang_neutral_3_020_1779036596426.jpg,neutral,N/A,sad,3.963,0,0.002694,0.000337,0.004086,0.991764,0.001119
data/personalization/salenatang/frames/20260517_124640/salenatang_neutral_3_020_1779036596626.jpg,neutral,N/A,neutral,N/A,1,0.000365,0.001383,0.995775,0.001399,0.001078
data/personalization/salenatang/frames/20260517_124640/salenatang_neutral_3_020_1779036596813.jpg,neutral,N/A,neutral,N/A,1,0.000302,0.000531,0.997682,0.000915,0.000571
data/personalization/salenatang/frames/20260517_124640/salenatang_neutral_3_020_1779036597013.jpg,neutral,N/A,neutral,N/A,1,0.000347,0.000467,0.997666,0.000981,0.000539
data/personalization/salenatang/frames/20260517_124640/salenatang_neutral_3_020_1779036597219.jpg,neutral,N/A,neutral,N/A,1,0.000453,0.000822,0.996458,0.001668,0.000600
data/personalization/salenatang/frames/20260517_124640/salenatang_neutral_3_020_1779036597426.jpg,neutral,N/A,neutral,N/A,1,0.000282,0.000594,0.997774,0.000900,0.000450
data/personalization/salenatang/frames/20260517_124640/salenatang_neutral_3_020_1779036597617.jpg,neutral,N/A,neutral,N/A,1,0.000477,0.001132,0.995814,0.001304,0.001273
data/personalization/salenatang/frames/20260517_124640/salenatang_neutral_3_020_1779036597824.jpg,neutral,N/A,neutral,N/A,1,0.000415,0.000560,0.996717,0.001710,0.000597
data/personalization/salenatang/frames/20260517_124640/salenatang_neutral_3_020_1779036598027.jpg,neutral,N/A,neutral,N/A,1,0.000543,0.001684,0.991248,0.004719,0.001805
data/personalization/salenatang/frames/20260517_124640/salenatang_neutral_3_020_1779036598213.jpg,neutral,N/A,neutral,N/A,1,0.000483,0.001397,0.990624,0.005122,0.002374
data/personalization/salenatang/frames/20260517_124640/salenatang_neutral_3_020_1779036598415.jpg,neutral,N/A,neutral,N/A,1,0.000402,0.000350,0.994776,0.003119,0.001353
data/personalization/salenatang/frames/20260517_124640/salenatang_neutral_3_020_1779036598622.jpg,neutral,N/A,neutral,N/A,1,0.000380,0.000379,0.996260,0.001795,0.001187
data/personalization/salenatang/frames/20260517_124640/salenatang_neutral_3_020_1779036598826.jpg,neutral,N/A,neutral,N/A,1,0.000372,0.000523,0.997148,0.001168,0.000788
data/personalization/salenatang/frames/20260517_124640/salenatang_neutral_3_020_1779036599024.jpg,neutral,N/A,neutral,N/A,1,0.000389,0.000466,0.997004,0.001324,0.000818
data/personalization/salenatang/frames/20260517_124640/salenatang_neutral_3_020_1779036599223.jpg,neutral,N/A,neutral,N/A,1,0.000415,0.000763,0.995669,0.001981,0.001173
data/personalization/salenatang/frames/20260517_124640/salenatang_neutral_3_020_1779036599426.jpg,neutral,N/A,neutral,N/A,1,0.000458,0.000738,0.994669,0.002366,0.001768
data/personalization/salenatang/frames/20260517_124640/salenatang_neutral_3_020_1779036599619.jpg,neutral,N/A,neutral,N/A,1,0.000470,0.000808,0.989254,0.006615,0.002853
data/personalization/salenatang/frames/20260517_124640/salenatang_neutral_3_020_1779036599825.jpg,neutral,N/A,neutral,N/A,1,0.000451,0.001402,0.991608,0.003170,0.003370
data/personalization/salenatang/frames/20260517_124640/salenatang_neutral_3_020_1779036600025.jpg,neutral,N/A,neutral,N/A,1,0.000848,0.005105,0.984129,0.006347,0.003570
data/personalization/salenatang/frames/20260517_124640/salenatang_neutral_3_020_1779036600214.jpg,neutral,N/A,neutral,N/A,1,0.000913,0.004557,0.986567,0.005174,0.002790
data/personalization/salenatang/frames/20260517_124640/salenatang_neutral_3_020_1779036600414.jpg,neutral,N/A,neutral,N/A,1,0.001022,0.031036,0.960321,0.003417,0.004203
